76001,Alaa,Abdelnaby,Alaa Abdelnaby,"Abdelnaby, Alaa",A. Abdelnaby,alaa-abdelnaby,1968-06-24 00:00:00,Duke,USA,Duke/USA,6-10,240,5.0,30,Forward,Inactive,N,1610612757,Trail Blazers,POR,blazers,Portland,HISTADD_alaa_abdelnaby,1990.0,1994.0,N,Y,Y,1990,1,25,N
76003,Kareem,Abdul-Jabbar,Kareem Abdul-Jabbar,"Abdul-Jabbar, Kareem",K. Abdul-Jabbar,kareem-abdul-jabbar,1947-04-16 00:00:00,UCLA,USA,UCLA/USA,7-2,225,20.0,33,Center,Inactive,N,1610612747,Lakers,LAL,lakers,Los Angeles,HISTADD_kareem_abdul-jabbar,1969.0,1988.0,N,Y,Y,1969,1,1,Y
1505,Tariq,Abdul-Wahad,Tariq Abdul-Wahad,"Abdul-Wahad, Tariq",T. Abdul-Wahad,tariq-abdul-wahad,1974-11-03 00:00:00,San Jose State,France,San Jose State/France,6-6,235,7.0,9,Forward-Guard,Inactive,N,1610612758,Kings,SAC,kings,Sacramento,tariq_abdul-wahad,1997.0,2003.0,N,Y,Y,1997,1,11,N
949,Shareef,Abdur-Rahim,Shareef Abdur-Rahim,"Abdur-Rahim, Shareef",S. Abdur-Rahim,shareef-abdur-rahim,1976-12-11 00:00:00,California,USA,California/USA,6-9,245,13.0,3,Forward,Inactive,N,1610612763,Grizzlies,VAN,grizzlies,Vancouver,shareef_abdur-rahim,1996.0,2007.0,N,Y,Y,1996,1,3,N
76005,Tom,Abernethy,Tom Abernethy,"Abernethy, Tom",T. Abernethy,tom-abernethy,1954-05-06 00:00:00,Indiana,USA,Indiana/USA,6-7,220,5.0,5,Forward,Inactive,N,1610612744,Warriors,GOS,warriors,Golden State,HISTADD_tom_abernethy,1976.0,1980.0,N,Y,Y,1976,3,43,N
76006,Forest,Able,Forest Able,"Able, Forest",F. Able,forest-able,1932-07-27 00:00:00,Western Kentucky,USA,Western Kentucky/USA,6-3,180,1.0,6,Guard,Inactive,N,1610612755,Nationals,PHI,sixers,Syracuse,HISTADD_frosty_able,1956.0,1956.0,N,Y,Y,1956,,,N
76007,John,Abramovic,John Abramovic,"Abramovic, John",J. Abramovic,john-abramovic,1919-02-09 00:00:00,Salem,USA,Salem/USA,6-3,195,2.0,,Forward,Inactive,N,1610610031,Ironmen,PIT,ironmen,Pittsburgh,HISTADD_brooms_abramovic,1946.0,1947.0,N,Y,Y,Undrafted,Undrafted,Undrafted,N
203518,Alex,Abrines,Alex Abrines,"Abrines, Alex",A. Abrines,alex-abrines,1993-08-01 00:00:00,FC Barcelona,Spain,FC Barcelona/Spain,6-6,200,3.0,,Guard,Inactive,N,0,,,,,alex_abrines,2016.0,2018.0,N,Y,Y,2013,2,32,N
1630173,Precious,Achiuwa,Precious Achiuwa,"Achiuwa, Precious",P. Achiuwa,precious-achiuwa,1999-09-19 00:00:00,Memphis,Nigeria,Memphis/Nigeria,6-8,225,3.0,5,Forward,Active,N,1610612761,Raptors,TOR,raptors,Toronto,precious_achiuwa,2020.0,2023.0,N,Y,Y,2020,1,20,N
101165,Alex,Acker,Alex Acker,"Acker, Alex",A. Acker,alex-acker,1983-01-21 00:00:00,Pepperdine,USA,Pepperdine/USA,6-5,185,3.0,3,Guard,Inactive,N,1610612746,Clippers,LAC,clippers,Los Angeles,alex_acker,2005.0,2008.0,Y,Y,Y,2005,2,60,N
76008,Donald,Ackerman,Donald Ackerman,"Ackerman, Donald",D. Ackerman,donald-ackerman,1930-09-04 00:00:00,Long Island-Brooklyn,USA,Long Island-Brooklyn/USA,6-0,183,1.0,,Guard,Inactive,N,1610612752,Knicks,NYK,knicks,New York,HISTADD_buddy_ackerman,1953.0,1953.0,N,Y,Y,1953,2,,N
76009,Mark,Acres,Mark Acres,"Acres, Mark",M. Acres,mark-acres,1962-11-15 00:00:00,Oral Roberts,USA,Oral Roberts/USA,6-11,220,6.0,42,Center,Inactive,N,1610612753,Magic,ORL,magic,Orlando,HISTADD_mark_acres,1987.0,1992.0,N,Y,Y,1985,2,40,N
76010,Charles,Acton,Charles Acton,"Acton, Charles",C. Acton,charles-acton,1942-01-11 00:00:00,Hillsdale,USA,Hillsdale/USA,6-6,210,1.0,24,Forward,Inactive,N,1610612745,Rockets,SDR,rockets,San Diego,HISTADD_bud_acton,1967.0,1967.0,N,Y,Y,Undrafted,Undrafted,Undrafted,N
203112,Quincy,Acy,Quincy Acy,"Acy, Quincy",Q. Acy,quincy-acy,1990-10-06 00:00:00,Baylor,USA,Baylor/USA,6-7,240,7.0,,Forward,Inactive,N,0,,,,,quincy_acy,2012.0,2018.0,Y,Y,Y,2012,2,37,N
76011,Alvan,Adams,Alvan Adams,"Adams, Alvan",A. Adams,alvan-adams,1954-07-19 00:00:00,Oklahoma,USA,Oklahoma/USA,6-9,210,13.0,33,Center,Inactive,N,1610612756,Suns,PHX,suns,Phoenix,HISTADD_alvan_adams,1975.0,1987.0,N,Y,Y,1975,1,4,N
76012,Don,Adams,Don Adams,"Adams, Don",D. Adams,don-adams,1947-11-27 00:00:00,Northwestern,USA,Northwestern/USA,6-7,210,7.0,10,Forward,Inactive,N,1610612765,Pistons,DET,pistons,Detroit,HISTADD_don_adams,1970.0,1976.0,N,Y,Y,1970,8,120,N
200801,Hassan,Adams,Hassan Adams,"Adams, Hassan",H. Adams,hassan-adams,1984-06-20 00:00:00,Arizona,USA,Arizona/USA,6-4,220,2.0,,Forward,Inactive,N,0,,,,,hassan_adams,2006.0,2008.0,N,Y,Y,2006,2,54,N
1629121,Jaylen,Adams,Jaylen Adams,"Adams, Jaylen",J. Adams,jaylen-adams,1996-05-04 00:00:00,St. Bonaventure,USA,St. Bonaventure/USA,6-0,225,3.0,,Guard,Inactive,N,0,,,,,jaylen_adams,2018.0,2020.0,Y,Y,Y,Undrafted,Undrafted,Undrafted,N
203919,Jordan,Adams,Jordan Adams,"Adams, Jordan",J. Adams,jordan-adams,1994-07-08 00:00:00,UCLA,USA,UCLA/USA,6-5,209,3.0,3,Guard,Inactive,N,1610612763,Grizzlies,MEM,grizzlies,Memphis,jordan_adams,2014.0,2015.0,Y,Y,Y,2014,1,22,N
149,Michael,Adams,Michael Adams,"Adams, Michael",M. Adams,michael-adams,1963-01-19 00:00:00,Boston College,USA,Boston College/USA,5-10,165,11.0,23,Guard,Inactive,N,1610612743,Nuggets,DEN,nuggets,Denver,michael_adams,1985.0,1995.0,N,Y,Y,1985,3,66,N
203500,Steven,Adams,Steven Adams,"Adams, Steven",S. Adams,steven-adams,1993-07-20 00:00:00,Pittsburgh,New Zealand,Pittsburgh/New Zealand,6-11,265,10.0,4,Center,Active,N,1610612763,Grizzlies,MEM,grizzlies,Memphis,steven_adams,2013.0,2023.0,N,Y,Y,2013,1,12,N
912,Rafael,Addison,Rafael Addison,"Addison, Rafael",R. Addison,rafael-addison,1964-07-22 00:00:00,Syracuse,USA,Syracuse/USA,6-8,241,6.0,7,Forward,Inactive,N,1610612751,Nets,NJN,nets,New Jersey,rafael_addison,1986.0,1996.0,N,Y,Y,1986,2,39,N
1628389,Bam,Adebayo,Bam Adebayo,"Adebayo, Bam",B. Adebayo,bam-adebayo,1997-07-18 00:00:00,Kentucky,USA,Kentucky/USA,6-9,255,6.0,13,Center-Forward,Active,N,1610612748,Heat,MIA,heat,Miami,bam_adebayo,2017.0,2023.0,N,Y,Y,2017,1,14,N
1629061,Deng,Adel,Deng Adel,"Adel, Deng",D. Adel,deng-adel,1997-02-01 00:00:00,Louisville,South Sudan,Louisville/South Sudan,6-7,200,2.0,32,Forward,Inactive,N,1610612739,Cavaliers,CLE,cavaliers,Cleveland,deng_adel,2018.0,2018.0,Y,Y,Y,2018,,,N
76015,Rick,Adelman,Rick Adelman,"Adelman, Rick",R. Adelman,rick-adelman,1946-06-16 00:00:00,Loyola-Marymount,USA,Loyola-Marymount/USA,6-2,175,7.0,5,Guard,Inactive,N,1610612757,Trail Blazers,POR,blazers,Portland,HISTADD_rick_adelman,1968.0,1974.0,N,Y,Y,1968,7,79,N
202399,Jeff,Adrien,Jeff Adrien,"Adrien, Jeff",J. Adrien,jeff-adrien,1986-02-10 00:00:00,Connecticut,USA,Connecticut/USA,,,6.0,,,Inactive,N,0,,,,,jeff_adrien,2010.0,2014.0,Y,Y,Y,Undrafted,Undrafted,Undrafted,N
201167,Arron,Afflalo,Arron Afflalo,"Afflalo, Arron",A. Afflalo,arron-afflalo,1985-10-15 00:00:00,UCLA,USA,UCLA/USA,6-5,210,12.0,4,Guard,Inactive,N,1610612743,Nuggets,DEN,nuggets,Denver,arron_afflalo,2007.0,2017.0,N,Y,Y,2007,1,27,N
1630534,Ochai,Agbaji,Ochai Agbaji,"Agbaji, Ochai",O. Agbaji,ochai-agbaji,2000-04-20 00:00:00,Kansas,USA,Kansas/USA,6-5,215,1.0,30,Guard,Active,N,1610612762,Jazz,UTA,jazz,Utah,ochai_agbaji,2022.0,2023.0,Y,Y,Y,2022,1,14,N
200772,Maurice,Ager,Maurice Ager,"Ager, Maurice",M. Ager,maurice-ager,1984-02-09 00:00:00,Michigan State,USA,Michigan State/USA,6-5,202,4.0,,Forward-Guard,Inactive,N,0,,,,,maurice_ager,2006.0,2010.0,Y,Y,Y,2006,1,28,N
76016,Mark,Aguirre,Mark Aguirre,"Aguirre, Mark",M. Aguirre,mark-aguirre,1959-12-10 00:00:00,DePaul,USA,DePaul/USA,6-6,232,13.0,7,Forward,Inactive,N,1610612742,Mavericks,DAL,mavericks,Dallas,HISTADD_mark_aguirre,1981.0,1993.0,N,Y,Y,1981,1,1,N
201336,Blake,Ahearn,Blake Ahearn,"Ahearn, Blake",B. Ahearn,blake-ahearn,1984-05-27 00:00:00,Missouri State,USA,Missouri State/USA,6-2,190,4.0,2,Guard,Inactive,N,1610612748,Heat,MIA,heat,Miami,blake_ahearn,2007.0,2011.0,Y,Y,Y,Undrafted,Undrafted,Undrafted,N
201582,Alexis,Ajinca,Alexis Ajinca,"Ajinca, Alexis",A. Ajinca,alexis-ajinca,1988-05-06 00:00:00,Hyeres-Toulon,France,Hyeres-Toulon/France,7-2,248,8.0,42,Center,Inactive,N,1610612740,Pelicans,NOP,pelicans,New Orleans,alexis_ajinca,2008.0,2017.0,Y,Y,Y,2008,1,20,N
76018,Henry,Akin,Henry Akin,"Akin, Henry",H. Akin,henry-akin,1944-07-31 00:00:00,Morehead State,USA,Morehead State/USA,6-10,225,2.0,10,Center,Inactive,N,1610612752,Knicks,NYK,knicks,New York,HISTADD_henry_akin,1966.0,1967.0,N,Y,Y,1966,2,11,N
203006,Josh,Akognon,Josh Akognon,"Akognon, Josh",J. Akognon,josh-akognon,1986-02-10 00:00:00,California State-Fullerton,USA,California State-Fullerton/USA,5-11,185,2.0,10,Guard,Inactive,N,1610612742,Mavericks,DAL,mavericks,Dallas,josh_akognon,2012.0,2012.0,Y,Y,Y,Undrafted,Undrafted,Undrafted,N
1629152,DeVaughn,Akoon-Purcell,DeVaughn Akoon-Purcell,"Akoon-Purcell, DeVaughn",D. Akoon-Purcell,devaughn-akoon-purcell,1993-06-05 00:00:00,Illinois State,Trinidad and Tobago,Illinois State/Trinidad and Tobago,6-6,200,2.0,,Guard-Forward,Inactive,N,0,,,,,devaughn_akoon-purcell,2018.0,2018.0,Y,Y,Y,2016,,,N
202374,Solomon,Alabi,Solomon Alabi,"Alabi, Solomon",S. Alabi,solomon-alabi,1988-03-21 00:00:00,Florida State,Nigeria,Florida State/Nigeria,7-1,252,3.0,50,Center,Inactive,N,1610612761,Raptors,TOR,raptors,Toronto,solomon_alabi,2010.0,2011.0,Y,Y,Y,2010,2,50,N
76019,Mark,Alarie,Mark Alarie,"Alarie, Mark",M. Alarie,mark-alarie,1963-12-11 00:00:00,Duke,USA,Duke/USA,6-8,217,5.0,31,Forward,Inactive,N,1610612764,Bullets,WAS,wizards,Washington,HISTADD_mark_alarie,1986.0,1990.0,N,Y,Y,1986,1,18,N
76020,Gary,Alcorn,Gary Alcorn,"Alcorn, Gary",G. Alcorn,gary-alcorn,1936-10-08 00:00:00,Fresno State,USA,Fresno State/USA,6-9,225,2.0,24,Center,Inactive,N,1610612765,Pistons,DET,pistons,Detroit,HISTADD_gary_alcorn,1959.0,1960.0,N,Y,Y,1959,3,16,N
1630583,Santi,Aldama,Santi Aldama,"Aldama, Santi",S. Aldama,santi-aldama,2001-01-10 00:00:00,Loyola-Maryland,Spain,Loyola-Maryland/Spain,7-0,215,2.0,7,Forward-Center,Active,N,1610612763,Grizzlies,MEM,grizzlies,Memphis,santi_aldama,2021.0,2023.0,Y,Y,Y,2021,1,30,N
203128,Furkan,Aldemir,Furkan Aldemir,"Aldemir, Furkan",F. Aldemir,furkan-aldemir,1991-08-09 00:00:00,Galatasaray,Turkey,Galatasaray/Turkey,6-10,240,2.0,19,Forward-Center,Inactive,N,1610612755,76ers,PHI,sixers,Philadelphia,furkan_aldemir,2014.0,2014.0,N,Y,Y,2012,2,53,N
202332,Cole,Aldrich,Cole Aldrich,"Aldrich, Cole",C. Aldrich,cole-aldrich,1988-10-31 00:00:00,Kansas,USA,Kansas/USA,6-11,253,9.0,45,Center,Inactive,N,1610612752,Knicks,NYK,knicks,New York,cole_aldrich,2010.0,2017.0,Y,Y,Y,2010,1,11,N
200746,LaMarcus,Aldridge,LaMarcus Aldridge,"Aldridge, LaMarcus",L. Aldridge,lamarcus-aldridge,1985-07-19 00:00:00,University of Texas at Austin,USA,Texas-Austin/USA,6-11,250,17.0,21,Center-Forward,Inactive,N,1610612751,Nets,BKN,nets,Brooklyn,lamarcus_aldridge,2006.0,2021.0,N,Y,Y,2006,1,2,N
1626146,Cliff,Alexander,Cliff Alexander,"Alexander, Cliff",C. Alexander,cliff-alexander,1995-11-16 00:00:00,Kansas,USA,Kansas/USA,6-8,240,2.0,34,Forward,Inactive,N,1610612757,Trail Blazers,POR,blazers,Portland,cliff_alexander,2015.0,2015.0,Y,Y,Y,Undrafted,Undrafted,Undrafted,N
724,Cory,Alexander,Cory Alexander,"Alexander, Cory",C. Alexander,cory-alexander,1973-06-22 00:00:00,Virginia,USA,Virginia/USA,6-1,190,8.0,12,Guard,Inactive,N,1610612759,Spurs,SAS,spurs,San Antonio,cory_alexander,1995.0,2004.0,N,Y,Y,1995,1,29,N
201570,Joe,Alexander,Joe Alexander,"Alexander, Joe",J. Alexander,joe-alexander,1986-12-26 00:00:00,West Virginia,USA,West Virginia/USA,6-8,230,3.0,20,Forward,Inactive,N,1610612749,Bucks,MIL,bucks,Milwaukee,joe_alexander,2008.0,2009.0,Y,Y,Y,2008,1,8,N
1629734,Kyle,Alexander,Kyle Alexander,"Alexander, Kyle",K. Alexander,kyle-alexander,1996-10-21 00:00:00,Tennessee,Canada,Tennessee/Canada,6-10,216,2.0,17,Forward-Center,Inactive,N,1610612748,Heat,MIA,heat,Miami,kyle_alexander,2019.0,2019.0,Y,Y,Y,Undrafted,Undrafted,Undrafted,N
1630234,Ty-Shon,Alexander,Ty-Shon Alexander,"Alexander, Ty-Shon",T. Alexander,ty-shon-alexander,1998-07-16 00:00:00,Creighton,USA,Creighton/USA,6-3,195,2.0,0,Guard,Inactive,N,1610612756,Suns,PHX,suns,Phoenix,ty-shon_alexander,2020.0,2020.0,Y,Y,Y,Undrafted,Undrafted,Undrafted,N
2349,Victor,Alexander,Victor Alexander,"Alexander, Victor",V. Alexander,victor-alexander,1969-08-31 00:00:00,Iowa State,USA,Iowa State/USA,6-10,265,5.0,9,Forward,Inactive,N,1610612744,Warriors,GOS,warriors,Golden State,victor_alexander,1991.0,2001.0,N,Y,Y,1991,1,17,N
1629638,Nickeil,Alexander-Walker,Nickeil Alexander-Walker,"Alexander-Walker, Nickeil",N. Alexander-Walker,nickeil-alexander-walker,1998-09-02 00:00:00,Virginia Tech,Canada,Virginia Tech/Canada,6-5,205,4.0,9,Guard,Active,N,1610612750,Timberwolves,MIN,timberwolves,Minnesota,nickeil_alexander-walker,2019.0,2023.0,Y,Y,Y,2019,1,17,N
76024,Steve,Alford,Steve Alford,"Alford, Steve",S. Alford,steve-alford,1964-11-23 00:00:00,Indiana,USA,Indiana/USA,6-2,183,4.0,4,Guard,Inactive,N,1610612742,Mavericks,DAL,mavericks,Dallas,HISTADD_steve_alford,1987.0,1990.0,N,Y,Y,1987,2,26,N
1628959,Rawle,Alkins,Rawle Alkins,"Alkins, Rawle",R. Alkins,rawle-alkins,1997-10-29 00:00:00,Arizona,USA,Arizona/USA,6-5,225,2.0,20,Guard,Inactive,N,1610612741,Bulls,CHI,bulls,Chicago,rawle_alkins,2018.0,2018.0,Y,Y,Y,Undrafted,Undrafted,Undrafted,N
76028,Bob,Allen,Bob Allen,"Allen, Bob",B. Allen,bob-allen,1946-07-17 00:00:00,Marshall,USA,Marshall/USA,6-9,205,1.0,50,Forward,Inactive,N,1610612744,Warriors,SFW,warriors,San Francisco,HISTADD_bob_allen,1968.0,1968.0,N,Y,Y,1968,6,71,N
1628960,Grayson,Allen,Grayson Allen,"Allen, Grayson",G. Allen,grayson-allen,1995-10-08 00:00:00,Duke,USA,Duke/USA,6-4,198,5.0,12,Guard,Active,N,1610612749,Bucks,MIL,bucks,Milwaukee,grayson_allen,2018.0,2023.0,Y,Y,Y,2018,1,21,N
1628386,Jarrett,Allen,Jarrett Allen,"Allen, Jarrett",J. Allen,jarrett-allen,1998-04-21 00:00:00,Texas,USA,Texas/USA,6-9,243,6.0,31,Center,Active,N,1610612739,Cavaliers,CLE,cavaliers,Cleveland,jarrett_allen,2017.0,2023.0,N,Y,Y,2017,1,22,N
1628443,Kadeem,Allen,Kadeem Allen,"Allen, Kadeem",K. Allen,kadeem-allen,1993-01-15 00:00:00,Arizona,USA,Arizona/USA,6-1,200,3.0,,Guard,Inactive,N,0,,,,,kadeem_allen,2017.0,2019.0,Y,Y,Y,2017,2,53,N
202730,Lavoy,Allen,Lavoy Allen,"Allen, Lavoy",L. Allen,lavoy-allen,1989-02-04 00:00:00,Temple,USA,Temple/USA,6-9,260,7.0,5,Forward-Center,Inactive,N,1610612754,Pacers,IND,pacers,Indiana,lavoy_allen,2011.0,2016.0,Y,Y,Y,2011,2,50,N
76027,Lucius,Allen,Lucius Allen,"Allen, Lucius",L. Allen,lucius-allen,1947-09-26 00:00:00,UCLA,USA,UCLA/USA,6-2,175,10.0,42,Guard,Inactive,N,1610612749,Bucks,MIL,bucks,Milwaukee,HISTADD_lucius_allen,1969.0,1978.0,N,Y,Y,1969,1,3,N
2124,Malik,Allen,Malik Allen,"Allen, Malik",M. Allen,malik-allen,1978-06-27 00:00:00,Villanova,USA,Villanova/USA,6-10,255,11.0,35,Forward,Inactive,N,1610612748,Heat,MIA,heat,Miami,malik_allen,2001.0,2010.0,N,Y,Y,Undrafted,Undrafted,Undrafted,N
2754,Tony,Allen,Tony Allen,"Allen, Tony",T. Allen,tony-allen,1982-01-11 00:00:00,Oklahoma State,USA,Oklahoma State/USA,6-4,213,14.0,,Guard-Forward,Inactive,N,0,,,,,tony_allen,2004.0,2017.0,N,Y,Y,2004,1,25,N
76029,Odis,Allison,Odis Allison,"Allison, Odis",O. Allison,odis-allison,1949-10-02 00:00:00,UNLV,USA,UNLV/USA,6-6,195,1.0,22,Forward,Inactive,N,1610612744,Warriors,GOS,warriors,Golden State,HISTADD_odis_allison,1971.0,1971.0,N,Y,Y,1971,5,76,N
200984,Lance,Allred,Lance Allred,"Allred, Lance",L. Allred,lance-allred,1981-02-02 00:00:00,Weber State,USA,Weber State/USA,6-11,250,2.0,41,Center,Inactive,N,1610612739,Cavaliers,CLE,cavaliers,Cleveland,lance_allred,2007.0,2007.0,Y,Y,Y,Undrafted,Undrafted,Undrafted,N
76030,Darrell,Allums,Darrell Allums,"Allums, Darrell",D. Allums,darrell-allums,1958-09-12 00:00:00,UCLA,USA,UCLA/USA,6-8,220,1.0,32,Forward,Inactive,N,1610612742,Mavericks,DAL,mavericks,Dallas,HISTADD_darrell_allums,1980.0,1980.0,N,Y,Y,1980,5,103,N
201165,Morris,Almond,Morris Almond,"Almond, Morris",M. Almond,morris-almond,1985-02-02 00:00:00,Rice,USA,Rice/USA,6-6,225,4.0,21,Guard,Inactive,N,1610612762,Jazz,UTA,jazz,Utah,morris_almond,2007.0,2011.0,Y,Y,Y,2007,1,25,N
308,Derrick,Alston,Derrick Alston,"Alston, Derrick",D. Alston,derrick-alston,1972-08-20 00:00:00,Duquesne,USA,Duquesne/USA,6-11,225,3.0,,Center,Inactive,N,0,,,,,derrick_alston,1994.0,1996.0,N,Y,Y,1994,2,33,N
1747,Rafer,Alston,Rafer Alston,"Alston, Rafer",R. Alston,rafer-alston,1976-07-24 00:00:00,Fresno State,USA,Fresno State/USA,6-2,175,11.0,11,Guard,Inactive,N,1610612745,Rockets,HOU,rockets,Houston,rafer_alston,1999.0,2009.0,Y,Y,Y,1998,2,39,N
1824,Peter,Aluma,Peter Aluma,"Aluma, Peter",P. Aluma,peter-aluma,1973-04-26 00:00:00,Liberty,USA,Liberty/USA,6-10,260,1.0,,Center,Inactive,N,0,,,,,peter_aluma,1998.0,1998.0,N,Y,Y,Undrafted,Undrafted,Undrafted,N
1630631,Jose,Alvarado,Jose Alvarado,"Alvarado, Jose",J. Alvarado,jose-alvarado,1998-04-12 00:00:00,Georgia Tech,USA,Georgia Tech/USA,6-0,179,2.0,15,Guard,Active,N,1610612740,Pelicans,NOP,pelicans,New Orleans,jose_alvarado,2021.0,2023.0,Y,Y,Y,Undrafted,Undrafted,Undrafted,N
680,John,Amaechi,John Amaechi,"Amaechi, John",J. Amaechi,john-amaechi,1970-11-26 00:00:00,Penn State,United Kingdom,Penn State/United Kingdom,6-10,270,6.0,13,Forward-Center,Inactive,N,1610612753,Magic,ORL,magic,Orlando,john_amaechi,1995.0,2002.0,N,Y,Y,Undrafted,Undrafted,Undrafted,N
200811,Lou,Amundson,Lou Amundson,"Amundson, Lou",L. Amundson,lou-amundson,1982-12-07 00:00:00,UNLV,USA,UNLV/USA,6-9,220,11.0,17,Forward,Inactive,N,1610612756,Suns,PHX,suns,Phoenix,lou_amundson,2006.0,2015.0,Y,Y,Y,Undrafted,Undrafted,Undrafted,N
2365,Chris,Andersen,Chris Andersen,"Andersen, Chris",C. Andersen,chris-andersen,1978-07-07 00:00:00,Blinn J.C.,USA,Blinn J.C./USA,6-10,245,15.0,,Forward-Center,Inactive,N,0,,,,,chris_andersen,2001.0,2016.0,N,Y,Y,Undrafted,Undrafted,Undrafted,N
2431,David,Andersen,David Andersen,"Andersen, David",D. Andersen,david-andersen,1980-06-23 00:00:00,FC Barcelona,Australia,FC Barcelona/Australia,,,20.0,,,Inactive,N,0,,,,,david_andersen,2009.0,2017.0,N,Y,Y,2002,2,36,N
101187,Alan,Anderson,Alan Anderson,"Anderson, Alan",A. Anderson,alan-anderson,1982-10-16 00:00:00,Michigan State,USA,Michigan State/USA,6-6,220,9.0,9,Forward-Guard,Inactive,N,1610612751,Nets,BKN,nets,Brooklyn,alan_anderson,2005.0,2016.0,Y,Y,Y,Undrafted,Undrafted,Undrafted,N
202079,Antonio,Anderson,Antonio Anderson,"Anderson, Antonio",A. Anderson,antonio-anderson,1985-06-05 00:00:00,Memphis,USA,Memphis/USA,6-6,215,2.0,,Guard,Inactive,N,0,,,,,antonio_anderson,2009.0,2009.0,Y,Y,Y,Undrafted,Undrafted,Undrafted,N
76036,Daniel,Anderson,Daniel Anderson,"Anderson, Daniel",D. Anderson,daniel-anderson,1951-01-01 00:00:00,Southern California,USA,Southern California/USA,6-2,185,2.0,33,Guard,Inactive,N,1610612757,Trail Blazers,POR,blazers,Portland,HISTADD_daniel_anderson,1974.0,1975.0,N,Y,Y,1974,6,92,N
1507,Derek,Anderson,Derek Anderson,"Anderson, Derek",D. Anderson,derek-anderson,1974-07-18 00:00:00,Kentucky,USA,Kentucky/USA,6-5,195,12.0,1,Guard,Inactive,N,1610612757,Trail Blazers,POR,blazers,Portland,derek_anderson,1997.0,2007.0,N,Y,Y,1997,1,13,N
76037,Dwight,Anderson,Dwight Anderson,"Anderson, Dwight",D. Anderson,dwight-anderson,1960-12-28 00:00:00,Southern California,USA,Southern California/USA,6-3,185,1.0,20,Guard,Inactive,N,1610612743,Nuggets,DEN,nuggets,Denver,HISTADD_dwight_anderson,1982.0,1982.0,N,Y,Y,1982,2,41,N
944,Eric,Anderson,Eric Anderson,"Anderson, Eric",E. Anderson,eric-anderson,1970-05-26 00:00:00,Indiana,USA,Indiana/USA,6-9,220,2.0,42,Forward,Inactive,N,1610612752,Knicks,NYK,knicks,New York,eric_anderson,1992.0,1993.0,N,Y,Y,Undrafted,Undrafted,Undrafted,N
246,Greg,Anderson,Greg Anderson,"Anderson, Greg",G. Anderson,greg-anderson,1964-06-22 00:00:00,Houston,USA,Houston/USA,6-10,250,10.0,0,Center-Forward,Inactive,N,1610612759,Spurs,SAS,spurs,San Antonio,greg_anderson,1987.0,1997.0,N,Y,Y,1987,1,23,N
202341,James,Anderson,James Anderson,"Anderson, James",J. Anderson,james-anderson,1989-03-25 00:00:00,Oklahoma State,USA,Oklahoma State/USA,6-6,213,6.0,5,Guard-Forward,Inactive,N,1610612759,Spurs,SAS,spurs,San Antonio,james_anderson,2010.0,2015.0,Y,Y,Y,2010,1,20,N
76040,Jerome,Anderson,Jerome Anderson,"Anderson, Jerome",J. Anderson,jerome-anderson,1953-10-09 00:00:00,West Virginia,USA,West Virginia/USA,6-5,195,2.0,21-23,Guard,Inactive,N,1610612754,Pacers,IND,pacers,Indiana,HISTADD_jerome_anderson,1975.0,1976.0,N,Y,Y,1975,3,53,N
1626147,Justin,Anderson,Justin Anderson,"Anderson, Justin",J. Anderson,justin-anderson,1993-11-19 00:00:00,Virginia,USA,Virginia/USA,6-5,231,7.0,,Forward-Guard,Inactive,N,0,,,,,justin_anderson,2015.0,2021.0,Y,Y,Y,2015,1,21,N
72,Kenny,Anderson,Kenny Anderson,"Anderson, Kenny",K. Anderson,kenny-anderson,1970-10-09 00:00:00,Georgia Tech,USA,Georgia Tech/USA,6-1,168,14.0,,Guard,Inactive,N,0,,,,,kenny_anderson,1991.0,2004.0,N,Y,Y,1991,1,2,N
76041,Kim,Anderson,Kim Anderson,"Anderson, Kim",K. Anderson,kim-anderson,1955-05-12 00:00:00,Missouri,USA,Missouri/USA,6-7,200,1.0,42,Forward,Inactive,N,1610612757,Trail Blazers,POR,blazers,Portland,HISTADD_kim_anderson,1978.0,1978.0,N,Y,Y,1978,7,146,N
203937,Kyle,Anderson,Kyle Anderson,"Anderson, Kyle",K. Anderson,kyle-anderson,1993-09-20 00:00:00,UCLA,USA,UCLA/USA,6-9,230,9.0,5,Forward-Guard,Active,N,1610612750,Timberwolves,MIN,timberwolves,Minnesota,kyle_anderson,2014.0,2023.0,Y,Y,Y,2014,1,30,N
76042,Michael,Anderson,Michael Anderson,"Anderson, Michael",M. Anderson,michael-anderson,1966-03-23 00:00:00,Drexel,USA,Drexel/USA,5-11,184,1.0,10,Guard,Inactive,N,1610612759,Spurs,SAS,spurs,San Antonio,HISTADD_michael_anderson,1988.0,1988.0,N,Y,Y,1988,3,73,N
76043,Mitchell,Anderson,Mitchell Anderson,"Anderson, Mitchell",M. Anderson,mitchell-anderson,1960-09-23 00:00:00,Bradley,USA,Bradley/USA,6-8,195,3.0,11,Forward,Inactive,N,1610612762,Jazz,UTA,jazz,Utah,HISTADD_jj_anderson,1982.0,1984.0,N,Y,Y,1982,2,36,N
98,Nick,Anderson,Nick Anderson,"Anderson, Nick",N. Anderson,nick-anderson,1968-01-20 00:00:00,Illinois,USA,Illinois/USA,6-6,228,14.0,5,Forward-Guard,Inactive,N,1610612753,Magic,ORL,magic,Orlando,nick_anderson,1989.0,2002.0,N,Y,Y,1989,1,11,N
76045,Richard,Anderson,Richard Anderson,"Anderson, Richard",R. Anderson,richard-anderson,1960-11-19 00:00:00,California-Santa Barbara,USA,California-Santa Barbara/USA,6-10,240,6.0,35,Forward,Inactive,N,1610612757,Trail Blazers,POR,blazers,Portland,HISTADD_richard_anderson,1982.0,1989.0,N,Y,Y,1982,2,32,N
76046,Ron,Anderson,Ron Anderson,"Anderson, Ron",R. Anderson,ron-anderson,1958-10-15 00:00:00,Fresno State,USA,Fresno State/USA,6-7,215,10.0,35,Forward,Inactive,N,1610612755,76ers,PHI,sixers,Philadelphia,HISTADD_ron_anderson,1984.0,1993.0,N,Y,Y,1984,2,27,N
201583,Ryan,Anderson,Ryan Anderson,"Anderson, Ryan",R. Anderson,ryan-anderson,1988-05-06 00:00:00,California,USA,California/USA,6-9,240,12.0,,Forward,Inactive,N,0,,,,,ryan_anderson,2008.0,2019.0,N,Y,Y,2008,1,21,N
1000,Shandon,Anderson,Shandon Anderson,"Anderson, Shandon",S. Anderson,shandon-anderson,1973-12-31 00:00:00,Georgia,USA,Georgia/USA,6-6,215,10.0,49,Guard-Forward,Inactive,N,1610612752,Knicks,NYK,knicks,New York,shandon_anderson,1996.0,2005.0,N,Y,Y,1996,2,54,N
335,Willie,Anderson,Willie Anderson,"Anderson, Willie",W. Anderson,willie-anderson,1967-01-08 00:00:00,Georgia,USA,Georgia/USA,6-8,200,8.0,35,Guard-Forward,Inactive,N,1610612759,Spurs,SAS,spurs,San Antonio,willie_anderson,1988.0,1996.0,N,Y,Y,1988,1,10,N
101149,Martynas,Andriuskevicius,Martynas Andriuskevicius,"Andriuskevicius, Martynas",M. Andriuskevicius,martynas-andriuskevicius,1986-03-12 00:00:00,Zalgiris,Lithuania,Zalgiris/Lithuania,7-2,240,2.0,15,Center,Inactive,N,1610612739,Cavaliers,CLE,cavaliers,Cleveland,martynas_andriuskevicius,2005.0,2006.0,Y,Y,Y,2005,2,44,N
76049,Don,Anielak,Don Anielak,"Anielak, Don",D. Anielak,don-anielak,1930-11-01 00:00:00,Missouri State,USA,Missouri State/USA,6-7,190,1.0,12,Forward,Inactive,N,1610612752,Knicks,NYK,knicks,New York,HISTADD_don_anielak,1954.0,1954.0,N,Y,Y,1954,3,26,N
1628387,Ike,Anigbogu,Ike Anigbogu,"Anigbogu, Ike",I. Anigbogu,ike-anigbogu,1998-10-16 00:00:00,UCLA,USA,UCLA/USA,6-10,250,3.0,,Center,Inactive,N,0,,,,,ike_anigbogu,2017.0,2018.0,Y,Y,Y,2017,2,47,N
76050,Michael,Ansley,Michael Ansley,"Ansley, Michael",M. Ansley,michael-ansley,1967-02-08 00:00:00,Alabama,USA,Alabama/USA,6-7,225,3.0,54,Forward,Inactive,N,1610612753,Magic,ORL,magic,Orlando,HISTADD_michael_ansley,1989.0,1991.0,N,Y,Y,1989,2,37,N
1512,Chris,Anstey,Chris Anstey,"Anstey, Chris",C. Anstey,chris-anstey,1975-01-01 00:00:00,South East Melbourne,Australia,South East Melbourne/Australia,7-0,249,2.0,22,Center,Inactive,N,1610612742,Mavericks,DAL,mavericks,Dallas,chris_anstey,1997.0,1999.0,N,Y,Y,1997,1,18,N
203507,Giannis,Antetokounmpo,Giannis Antetokounmpo,"Antetokounmpo, Giannis",G. Antetokounmpo,giannis-antetokounmpo,1994-12-06 00:00:00,Filathlitikos,Greece,Filathlitikos/Greece,7-0,243,10.0,34,Forward,Active,N,1610612749,Bucks,MIL,bucks,Milwaukee,giannis_antetokounmpo,2013.0,2023.0,N,Y,Y,2013,1,15,Y
1628961,Kostas,Antetokounmpo,Kostas Antetokounmpo,"Antetokounmpo, Kostas",K. Antetokounmpo,kostas-antetokounmpo,1997-11-20 00:00:00,University of Dayton,Greece,Dayton/Greece,6-10,200,4.0,37,Forward,Inactive,N,1610612747,Lakers,LAL,lakers,Los Angeles,kostas_antetokounmpo,2018.0,2020.0,Y,Y,Y,2018,2,60,N
203648,Thanasis,Antetokounmpo,Thanasis Antetokounmpo,"Antetokounmpo, Thanasis",T. Antetokounmpo,thanasis-antetokounmpo,1992-07-18 00:00:00,Panathinaikos,Greece,Panathinaikos/Greece,6-7,219,5.0,43,Forward,Active,N,1610612749,Bucks,MIL,bucks,Milwaukee,thanasis_antetokounmpo,2015.0,2023.0,Y,Y,Y,2014,2,51,N
2546,Carmelo,Anthony,Carmelo Anthony,"Anthony, Carmelo",C. Anthony,carmelo-anthony,1984-05-29 00:00:00,Syracuse,USA,Syracuse/USA,6-7,238,20.0,7,Forward,Inactive,N,1610612747,Lakers,LAL,lakers,Los Angeles,carmelo_anthony,2003.0,2021.0,N,Y,Y,2003,1,3,Y
1630175,Cole,Anthony,Cole Anthony,"Anthony, Cole",C. Anthony,cole-anthony,2000-05-15 00:00:00,North Carolina,USA,North Carolina/USA,6-3,185,3.0,50,Guard,Active,N,1610612753,Magic,ORL,magic,Orlando,cole_anthony,2020.0,2023.0,N,Y,Y,2020,1,15,N
21,Greg,Anthony,Greg Anthony,"Anthony, Greg",G. Anthony,greg-anthony,1967-11-15 00:00:00,UNLV,USA,UNLV/USA,6-1,180,11.0,50,Guard,Inactive,N,1610612752,Knicks,NYK,knicks,New York,greg_anthony,1991.0,2001.0,N,Y,Y,1991,1,12,N
201202,Joel,Anthony,Joel Anthony,"Anthony, Joel",J. Anthony,joel-anthony,1982-08-09 00:00:00,UNLV,Canada,UNLV/Canada,6-9,245,11.0,30,Center,Inactive,N,1610612748,Heat,MIA,heat,Miami,joel_anthony,2007.0,2016.0,Y,Y,Y,Undrafted,Undrafted,Undrafted,N
203544,Pero,Antic,Pero Antic,"Antic, Pero",P. Antic,pero-antic,1982-07-29 00:00:00,Olympiacos,Macedonia,Olympiacos/Macedonia,6-11,260,2.0,6,Forward-Center,Inactive,N,1610612737,Hawks,ATL,hawks,Atlanta,pero_antic,2013.0,2014.0,N,Y,Y,Undrafted,Undrafted,Undrafted,N
1628384,O.G.,Anunoby,O.G. Anunoby,"Anunoby, O.G.",O. Anunoby,og-anunoby,1997-07-17 00:00:00,Indiana,United Kingdom,Indiana/United Kingdom,6-7,232,6.0,3,Forward,Active,N,1610612761,Raptors,TOR,raptors,Toronto,og_anunoby,2017.0,2023.0,N,Y,Y,2017,1,23,N
2737,Rafael,Araujo,Rafael Araujo,"Araujo, Rafael",R. Araujo,rafael-araujo,1980-08-12 00:00:00,Brigham Young,Brazil,Brigham Young/Brazil,6-11,270,4.0,55,Center,Inactive,N,1610612761,Raptors,TOR,raptors,Toronto,rafael_araujo,2004.0,2006.0,N,Y,Y,2004,1,8,N
76053,Stacey,Arceneaux,Stacey Arceneaux,"Arceneaux, Stacey",S. Arceneaux,stacey-arceneaux,1936-02-17 00:00:00,Iowa State,USA,Iowa State/USA,6-4,210,1.0,,Forward,Inactive,N,1610612737,Hawks,STL,hawks,St. Louis,HISTADD_stacey_arceneaux,1961.0,1961.0,N,Y,Y,Undrafted,Undrafted,Undrafted,N
76054,Nate,Archibald,Nate Archibald,"Archibald, Nate",N. Archibald,nate-archibald,1948-09-02 00:00:00,Texas-El Paso,USA,Texas-El Paso/USA,6-1,150,13.0,1,Guard,Inactive,N,1610612758,Kings,KCK,kings,Kansas City,HISTADD_nate_archibald,1970.0,1983.0,N,Y,Y,1970,2,19,Y
2425,Robert,Archibald,Robert Archibald,"Archibald, Robert",R. Archibald,robert-archibald,1980-03-29 00:00:00,Illinois,Scotland,Illinois/Scotland,6-11,250,3.0,34,Forward,Inactive,N,1610612761,Raptors,TOR,raptors,Toronto,robert_archibald,2002.0,2003.0,N,Y,Y,2002,2,31,N
1627853,Ryan,Arcidiacono,Ryan Arcidiacono,"Arcidiacono, Ryan",R. Arcidiacono,ryan-arcidiacono,1994-03-26 00:00:00,Villanova,USA,Villanova/USA,6-3,195,6.0,,Guard,Inactive,N,0,,,,,ryan_arcidiacono,2017.0,2022.0,Y,Y,Y,Undrafted,Undrafted,Undrafted,N
76055,Jim,Ard,Jim Ard,"Ard, Jim",J. Ard,jim-ard,1948-09-19 00:00:00,Cincinnati,USA,Cincinnati/USA,6-9,215,4.0,34,Center,Inactive,N,1610612738,Celtics,BOS,celtics,Boston,HISTADD_jim_ard,1974.0,1977.0,N,Y,Y,1970,1,6,N
2240,Gilbert,Arenas,Gilbert Arenas,"Arenas, Gilbert",G. Arenas,gilbert-arenas,1982-01-06 00:00:00,Arizona,USA,Arizona/USA,6-4,215,12.0,10,Guard,Inactive,N,1610612764,Wizards,WAS,wizards,Washington,gilbert_arenas,2001.0,2011.0,N,Y,Y,2001,2,30,N
2772,Trevor,Ariza,Trevor Ariza,"Ariza, Trevor",T. Ariza,trevor-ariza,1985-06-30 00:00:00,UCLA,USA,UCLA/USA,6-8,215,18.0,,Forward,Inactive,N,0,,,,,trevor_ariza,2004.0,2021.0,N,Y,Y,2004,2,43,N
76056,Paul,Arizin,Paul Arizin,"Arizin, Paul",P. Arizin,paul-arizin,1928-04-09 00:00:00,Villanova,USA,Villanova/USA,6-4,190,10.0,11,Forward,Inactive,N,1610612744,Warriors,PHW,warriors,Philadelphia,HISTADD_paul_arizin,1950.0,1961.0,N,Y,Y,1950,,,Y
76057,Joe,Arlauckas,Joe Arlauckas,"Arlauckas, Joe",J. Arlauckas,joe-arlauckas,1965-07-20 00:00:00,Niagara,USA,Niagara/USA,6-9,230,1.0,53,Forward,Inactive,N,1610612758,Kings,SAC,kings,Sacramento,HISTADD_joe_arlauckas,1987.0,1987.0,N,Y,Y,1987,4,74,N
769,B.J.,Armstrong,B.J. Armstrong,"Armstrong, B.J.",B. Armstrong,bj-armstrong,1967-09-09 00:00:00,Iowa,USA,Iowa/USA,6-2,185,11.0,11,Guard,Inactive,N,1610612741,Bulls,CHI,bulls,Chicago,b.j._armstrong,1989.0,1999.0,N,Y,Y,1989,1,18,N
2220,Brandon,Armstrong,Brandon Armstrong,"Armstrong, Brandon",B. Armstrong,brandon-armstrong,1980-06-16 00:00:00,Pepperdine,USA,Pepperdine/USA,6-5,185,4.0,1,Guard,Inactive,N,1610612751,Nets,NJN,nets,New Jersey,brandon_armstrong,2001.0,2003.0,Y,Y,Y,2001,1,23,N
353,Darrell,Armstrong,Darrell Armstrong,"Armstrong, Darrell",D. Armstrong,darrell-armstrong,1968-06-22 00:00:00,Fayetteville State,USA,Fayetteville State/USA,6-1,180,15.0,10,Guard,Inactive,N,1610612753,Magic,ORL,magic,Orlando,darrell_armstrong,1994.0,2007.0,N,Y,Y,Undrafted,Undrafted,Undrafted,N
200756,Hilton,Armstrong,Hilton Armstrong,"Armstrong, Hilton",H. Armstrong,hilton-armstrong,1984-11-23 00:00:00,Connecticut,USA,Connecticut/USA,6-11,235,6.0,57,Forward-Center,Inactive,N,1610612740,Hornets,NOH,pelicans,New Orleans,hilton_armstrong,2006.0,2013.0,Y,Y,Y,2006,1,12,N
76059,Tate,Armstrong,Tate Armstrong,"Armstrong, Tate",T. Armstrong,tate-armstrong,1955-10-05 00:00:00,Duke,USA,Duke/USA,6-3,175,2.0,14,Guard,Inactive,N,1610612741,Bulls,CHI,bulls,Chicago,HISTADD_tate_armstrong,1977.0,1978.0,N,Y,Y,1977,1,13,N
76062,Jesse,Arnelle,Jesse Arnelle,"Arnelle, Jesse",J. Arnelle,jesse-arnelle,1933-12-30 00:00:00,Penn State,USA,Penn State/USA,6-5,220,1.0,15-18,Forward,Inactive,N,1610612765,Pistons,FTW,pistons,Ft. Wayne Zollner,HISTADD_jesse_arnelle,1955.0,1955.0,N,Y,Y,1955,2,13,N
76064,Bob,Arnzen,Bob Arnzen,"Arnzen, Bob",B. Arnzen,bob-arnzen,1947-11-03 00:00:00,Notre Dame,USA,Notre Dame/USA,6-5,205,1.0,21-30,Forward,Inactive,N,1610612758,Royals,CIN,kings,Cincinnati,HISTADD_bob_arnzen,1970.0,1970.0,N,Y,Y,1969,8,103,N
2306,Carlos,Arroyo,Carlos Arroyo,"Arroyo, Carlos",C. Arroyo,carlos-arroyo,1979-07-30 00:00:00,Florida International,Puerto Rico,Florida International/Puerto Rico,6-2,200,10.0,45,Guard,Inactive,N,1610612753,Magic,ORL,magic,Orlando,carlos_arroyo,2001.0,2010.0,N,Y,Y,Undrafted,Undrafted,Undrafted,N
201589,Darrell,Arthur,Darrell Arthur,"Arthur, Darrell",D. Arthur,darrell-arthur,1988-03-25 00:00:00,Kansas,USA,Kansas/USA,6-9,235,10.0,00,Forward,Inactive,N,1610612743,Nuggets,DEN,nuggets,Denver,darrell_arthur,2008.0,2017.0,N,Y,Y,2008,1,27,N
76065,John,Arthurs,John Arthurs,"Arthurs, John",J. Arthurs,john-arthurs,1947-08-15 00:00:00,Tulane,USA,Tulane/USA,6-4,185,1.0,12,Guard,Inactive,N,1610612749,Bucks,MIL,bucks,Milwaukee,HISTADD_john_arthurs,1969.0,1969.0,N,Y,Y,1969,6,73,N
1628503,Jamel,Artis,Jamel Artis,"Artis, Jamel",J. Artis,jamel-artis,1993-01-12 00:00:00,Pittsburgh,USA,Pittsburgh/USA,6-7,213,2.0,0,Guard,Inactive,N,1610612753,Magic,ORL,magic,Orlando,jamel_artis,2017.0,2017.0,Y,Y,Y,Undrafted,Undrafted,Undrafted,N
201600,Omer,Asik,Omer Asik,"Asik, Omer",O. Asik,omer-asik,1986-07-04 00:00:00,Fenerbahce,Turkey,Fenerbahce/Turkey,7-0,255,9.0,3,Center,Inactive,N,1610612740,Pelicans,NOP,pelicans,New Orleans,omer_asik,2010.0,2017.0,N,Y,Y,2008,2,36,N
355,Vincent,Askew,Vincent Askew,"Askew, Vincent",V. Askew,vincent-askew,1966-02-28 00:00:00,Memphis,USA,Memphis/USA,6-6,210,9.0,,Guard,Inactive,N,0,,,,,vincent_askew,1987.0,1997.0,N,Y,Y,1987,2,39,N
76068,Don,Asmonga,Don Asmonga,"Asmonga, Don",D. Asmonga,don-asmonga,1928-02-15 00:00:00,Alliance,USA,Alliance/USA,6-2,185,1.0,,Guard,Inactive,N,1610610024,Bullets,BAL,bullets,Baltimore,HISTADD_don_asmonga,1953.0,1953.0,N,Y,Y,Undrafted,Undrafted,Undrafted,N
76069,Richard,Atha,Richard Atha,"Atha, Richard",R. Atha,richard-atha,1931-09-21 00:00:00,Indiana State,USA,Indiana State/USA,6-2,190,2.0,7,Guard,Inactive,N,1610612752,Knicks,NYK,knicks,New York,HISTADD_dick_atha,1955.0,1957.0,N,Y,Y,1953,,,N
1088,Chucky,Atkins,Chucky Atkins,"Atkins, Chucky",C. Atkins,chucky-atkins,1974-08-14 00:00:00,South Florida,USA,South Florida/USA,5-11,185,12.0,17,Guard,Inactive,N,1610612765,Pistons,DET,pistons,Detroit,chucky_atkins,1999.0,2009.0,N,Y,Y,Undrafted,Undrafted,Undrafted,N
76071,Chet,Aubuchon,Chet Aubuchon,"Aubuchon, Chet",C. Aubuchon,chet-aubuchon,1916-05-08 00:00:00,Michigan State,USA,Michigan State/USA,5-10,137,1.0,,Guard,Inactive,N,1610610028,Falcons,DEF,falcons,Detroit,HISTADD_chet_aubuchon,1946.0,1946.0,N,Y,Y,Undrafted,Undrafted,Undrafted,N
278,Stacey,Augmon,Stacey Augmon,"Augmon, Stacey",S. Augmon,stacey-augmon,1968-08-01 00:00:00,UNLV,USA,UNLV/USA,6-8,213,16.0,2,Forward-Guard,Inactive,N,1610612737,Hawks,ATL,hawks,Atlanta,stacey_augmon,1991.0,2005.0,N,Y,Y,1991,1,9,N
201571,D.J.,Augustin,D.J. Augustin,"Augustin, D.J.",D. Augustin,dj-augustin,1987-11-10 00:00:00,Texas-Austin,USA,Texas-Austin/USA,5-11,183,14.0,4,Guard,Active,N,1610612745,Rockets,HOU,rockets,Houston,d.j._augustin,2008.0,2023.0,N,Y,Y,2008,1,9,N
200788,James,Augustine,James Augustine,"Augustine, James",J. Augustine,james-augustine,1984-02-27 00:00:00,Illinois,USA,Illinois/USA,6-10,235,2.0,40,Forward,Inactive,N,1610612753,Magic,ORL,magic,Orlando,james_augustine,2006.0,2007.0,Y,Y,Y,2006,2,41,N
1134,Ike,Austin,Ike Austin,"Austin, Ike",I. Austin,ike-austin,1969-08-18 00:00:00,Arizona State,USA,Arizona State/USA,6-10,288,9.0,,Center,Inactive,N,0,,,,,ike_austin,1991.0,2001.0,N,Y,Y,1991,2,48,N
76073,John,Austin,John Austin,"Austin, John",J. Austin,john-austin,1944-08-31 00:00:00,Boston College,USA,Boston College/USA,6-0,170,1.0,34,Guard,Inactive,N,1610612764,Bullets,BLT,wizards,Baltimore,HISTADD_johnny_austin,1966.0,1966.0,N,Y,Y,1966,4,38,N
138,Anthony,Avent,Anthony Avent,"Avent, Anthony",A. Avent,anthony-avent,1969-10-18 00:00:00,Seton Hall,USA,Seton Hall/USA,6-9,240,6.0,30,Center,Inactive,N,1610612749,Bucks,MIL,bucks,Milwaukee,anthony_avent,1992.0,1999.0,N,Y,Y,1991,1,15,N
76076,William,Averitt,William Averitt,"Averitt, William",W. Averitt,william-averitt,1952-07-22 00:00:00,Pepperdine,USA,Pepperdine/USA,6-2,170,2.0,15,Guard,Inactive,N,1610612746,Braves,BUF,clippers,Buffalo,HISTADD_bird_averitt,1976.0,1977.0,N,Y,Y,1973,4,55,N
1895,William,Avery,William Avery,"Avery, William",W. Avery,william-avery,1979-08-08 00:00:00,Duke,USA,Duke/USA,6-2,180,4.0,30,Guard,Inactive,N,1610612750,Timberwolves,MIN,timberwolves,Minnesota,william_avery,1999.0,2002.0,N,Y,Y,1999,1,14,N
76078,Dennis,Awtrey,Dennis Awtrey,"Awtrey, Dennis",D. Awtrey,dennis-awtrey,1948-02-22 00:00:00,Santa Clara,USA,Santa Clara/USA,6-10,235,12.0,20,Center,Inactive,N,1610612756,Suns,PHX,suns,Phoenix,HISTADD_dennis_awtrey,1970.0,1981.0,N,Y,Y,1970,3,46,N
1630555,Joel,Ayayi,Joel Ayayi,"Ayayi, Joel",J. Ayayi,joel-ayayi,2000-03-05 00:00:00,Gonzaga,France,Gonzaga/France,6-4,180,2.0,,Guard,Inactive,N,0,,,,,joel_ayayi,2021.0,2021.0,Y,Y,Y,Undrafted,Undrafted,Undrafted,N
202970,Gustavo,Ayon,Gustavo Ayon,"Ayon, Gustavo",G. Ayon,gustavo-ayon,1985-04-01 00:00:00,Baloncesto Fuenlabrada,Mexico,Baloncesto Fuenlabrada/Mexico,,,3.0,,,Inactive,N,0,,,,,gustavo_ayon,2011.0,2016.0,N,Y,Y,Undrafted,Undrafted,Undrafted,N
201965,Jeff,Ayres,Jeff Ayres,"Ayres, Jeff",J. Ayres,jeff-ayres,1987-04-29 00:00:00,Arizona State,USA,Arizona State/USA,6-9,250,7.0,19,Forward-Center,Inactive,N,1610612759,Spurs,SAS,spurs,San Antonio,jeff_ayres,2009.0,2015.0,Y,Y,Y,2009,2,31,N
1629028,Deandre,Ayton,Deandre Ayton,"Ayton, Deandre",D. Ayton,deandre-ayton,1998-07-23 00:00:00,Arizona,Bahamas,Arizona/Bahamas,7-0,250,5.0,22,Center,Active,N,1610612756,Suns,PHX,suns,Phoenix,deandre_ayton,2018.0,2023.0,N,Y,Y,2018,1,1,N
101235,Kelenna,Azubuike,Kelenna Azubuike,"Azubuike, Kelenna",K. Azubuike,kelenna-azubuike,1983-12-16 00:00:00,Kentucky,United Kingdom,Kentucky/United Kingdom,6-5,215,5.0,4,Guard,Inactive,N,1610612744,Warriors,GSW,warriors,Golden State,kelenna_azubuike,2006.0,2011.0,N,Y,Y,Undrafted,Undrafted,Undrafted,N
1628962,Udoka,Azubuike,Udoka Azubuike,"Azubuike, Udoka",U. Azubuike,udoka-azubuike,1999-09-17 00:00:00,Kansas,Nigeria,Kansas/Nigeria,6-11,270,3.0,20,Center-Forward,Active,N,1610612762,Jazz,UTA,jazz,Utah,udoka_azubuike,2020.0,2023.0,Y,Y,Y,2020,1,27,N
203569,Chris,Babb,Chris Babb,"Babb, Chris",C. Babb,chris-babb,1990-02-14 00:00:00,Iowa State,USA,Iowa State/USA,6-5,225,3.0,52,Guard,Inactive,N,1610612738,Celtics,BOS,celtics,Boston,chris_babb,2013.0,2014.0,Y,Y,Y,Undrafted,Undrafted,Undrafted,N
202337,Luke,Babbitt,Luke Babbitt,"Babbitt, Luke",L. Babbitt,luke-babbitt,1989-06-20 00:00:00,Nevada-Reno,USA,Nevada-Reno/USA,6-9,225,9.0,22,Forward,Inactive,N,1610612740,Pelicans,NOP,pelicans,New Orleans,luke_babbitt,2010.0,2017.0,Y,Y,Y,2010,1,16,N
76079,Milos,Babic,Milos Babic,"Babic, Milos",M. Babic,milos-babic,1968-11-23 00:00:00,Tennessee Tech,USA,Tennessee Tech/USA,7-0,240,2.0,00,Center,Inactive,N,1610612739,Cavaliers,CLE,cavaliers,Cleveland,HISTADD_milos_babic,1990.0,1991.0,N,Y,Y,1990,2,50,N
76080,Johnny,Bach,Johnny Bach,"Bach, Johnny",J. Bach,johnny-bach,1924-07-10 00:00:00,Fordham,USA,Fordham/USA,6-2,180,1.0,17,Forward,Inactive,N,1610612738,Celtics,BOS,celtics,Boston,HISTADD_johnny_bach,1948.0,1948.0,N,Y,Y,1948,,,N
1628407,Dwayne,Bacon,Dwayne Bacon,"Bacon, Dwayne",D. Bacon,dwayne-bacon,1995-08-30 00:00:00,Florida State,USA,Florida State/USA,6-6,221,5.0,8,Guard-Forward,Inactive,N,1610612753,Magic,ORL,magic,Orlando,dwayne_bacon,2017.0,2020.0,Y,Y,Y,2017,2,40,N
76081,Jim,Baechtold,Jim Baechtold,"Baechtold, Jim",J. Baechtold,jim-baechtold,1927-12-09 00:00:00,Eastern Kentucky,USA,Eastern Kentucky/USA,6-4,205,5.0,10,Forward,Inactive,N,1610612752,Knicks,NYK,knicks,New York,HISTADD_jim_baechtold,1952.0,1956.0,N,Y,Y,1952,1,2,N
2053,Dalibor,Bagaric,Dalibor Bagaric,"Bagaric, Dalibor",D. Bagaric,dalibor-bagaric,1980-07-02 00:00:00,Benston Zagreb,Croatia,Benston Zagreb/Croatia,7-1,290,4.0,11,Center,Inactive,N,1610612741,Bulls,CHI,bulls,Chicago,dalibor_bagaric,2000.0,2002.0,N,Y,Y,2000,1,24,N
76082,John,Bagley,John Bagley,"Bagley, John",J. Bagley,john-bagley,1960-04-23 00:00:00,Boston College,USA,Boston College/USA,6-0,185,11.0,5,Guard,Inactive,N,1610612739,Cavaliers,CLE,cavaliers,Cleveland,HISTADD_john_bagley,1982.0,1993.0,N,Y,Y,1982,1,12,N
1628963,Marvin,Bagley III,Marvin Bagley III,"Bagley III, Marvin",M. Bagley III,marvin-bagley-iii,1999-03-14 00:00:00,Duke,USA,Duke/USA,6-10,235,5.0,35,Forward,Active,N,1610612765,Pistons,DET,pistons,Detroit,marvin_bagley_iii,2018.0,2023.0,N,Y,Y,2018,1,2,N
76084,Carl,Bailey,Carl Bailey,"Bailey, Carl",C. Bailey,carl-bailey,1958-04-23 00:00:00,Tuskegee,USA,Tuskegee/USA,7-0,210,1.0,21,Center,Inactive,N,1610612757,Trail Blazers,POR,blazers,Portland,HISTADD_carl_bailey,1981.0,1981.0,N,Y,Y,1980,3,66,N
76083,Gus,Bailey,Gus Bailey,"Bailey, Gus",G. Bailey,gus-bailey,1951-02-18 00:00:00,Texas-El Paso,USA,Texas-El Paso/USA,6-5,185,5.0,20,Guard,Inactive,N,1610612745,Rockets,HOU,rockets,Houston,HISTADD_gus_bailey,1974.0,1979.0,N,Y,Y,1974,2,23,N
76085,James,Bailey,James Bailey,"Bailey, James",J. Bailey,james-bailey,1957-05-21 00:00:00,Rutgers,USA,Rutgers/USA,6-9,220,9.0,2,Forward,Inactive,N,1610612760,SuperSonics,SEA,thunder,Seattle,HISTADD_james_bailey,1979.0,1987.0,N,Y,Y,1979,1,6,N
1847,Thurl,Bailey,Thurl Bailey,"Bailey, Thurl",T. Bailey,thurl-bailey,1961-04-07 00:00:00,North Carolina State,USA,North Carolina State/USA,6-11,247,12.0,41,Forward,Inactive,N,1610612762,Jazz,UTA,jazz,Utah,thurl_bailey,1983.0,1998.0,N,Y,Y,1983,1,7,N
1753,Toby,Bailey,Toby Bailey,"Bailey, Toby",T. Bailey,toby-bailey,1975-11-19 00:00:00,UCLA,USA,UCLA/USA,6-6,213,3.0,11,Guard,Inactive,N,1610612756,Suns,PHX,suns,Phoenix,toby_bailey,1998.0,2002.0,N,Y,Y,1998,2,45,N
1858,Mark,Baker,Mark Baker,"Baker, Mark",M. Baker,mark-baker,1969-11-11 00:00:00,Ohio State,USA,Ohio State/USA,6-1,175,1.0,,Guard,Inactive,N,0,,,,,mark_baker,1998.0,1998.0,N,Y,Y,Undrafted,Undrafted,Undrafted,N
2486,Maurice,Baker,Maurice Baker,"Baker, Maurice",M. Baker,maurice-baker,1979-07-28 00:00:00,Oklahoma State,USA,Oklahoma State/USA,6-2,200,2.0,,Guard,Inactive,N,0,,,,,maurice_baker,2002.0,2004.0,Y,Y,Y,Undrafted,Undrafted,Undrafted,N
76089,Norm,Baker,Norm Baker,"Baker, Norm",N. Baker,norm-baker,1923-02-17 00:00:00,Victoria,Canada,Victoria/Canada,6-0,180,1.0,,Guard,Inactive,N,1610610025,Stags,CHS,stags,Chicago,HISTADD_norm_baker,1946.0,1946.0,N,Y,Y,Undrafted,Undrafted,Undrafted,N
1627758,Ron,Baker,Ron Baker,"Baker, Ron",R. Baker,ron-baker,1993-03-30 00:00:00,Wichita State,USA,Wichita State/USA,6-4,220,3.0,,Guard,Inactive,N,0,,,,,ron_baker,2016.0,2018.0,Y,Y,Y,Undrafted,Undrafted,Undrafted,N
452,Vin,Baker,Vin Baker,"Baker, Vin",V. Baker,vin-baker,1971-11-23 00:00:00,Hartford,USA,Hartford/USA,6-11,240,13.0,34,Forward,Inactive,N,1610612760,SuperSonics,SEA,thunder,Seattle,vin_baker,1993.0,2005.0,N,Y,Y,1993,1,8,N
1627735,Wade,Baldwin IV,Wade Baldwin IV,"Baldwin IV, Wade",W. Baldwin IV,wade-baldwin-iv,1996-03-29 00:00:00,Vanderbilt,USA,Vanderbilt/USA,6-4,200,3.0,,Guard,Inactive,N,0,,,,,wade_baldwin iv,2016.0,2018.0,Y,Y,Y,2016,1,17,N
1631116,Patrick,Baldwin Jr.,Patrick Baldwin Jr.,"Baldwin Jr., Patrick",P. Baldwin Jr.,patrick-baldwin-jr,2002-11-18 00:00:00,Wisconsin-Milwaukee,USA,Wisconsin-Milwaukee/USA,6-9,220,1.0,7,Forward,Active,N,1610612744,Warriors,GSW,warriors,Golden State,patrick_baldwin_jr,2022.0,2023.0,Y,Y,Y,2022,1,28,N
200764,Renaldo,Balkman,Renaldo Balkman,"Balkman, Renaldo",R. Balkman,renaldo-balkman,1984-07-14 00:00:00,South Carolina,USA,South Carolina/USA,6-8,225,7.0,,Forward,Inactive,N,0,,,,,renaldo_balkman,2006.0,2011.0,Y,Y,Y,2006,1,20,N
76090,Cedric,Ball,Cedric Ball,"Ball, Cedric",C. Ball,cedric-ball,1968-04-16 00:00:00,North Carolina-Charlotte,USA,North Carolina-Charlotte/USA,6-8,210,1.0,44,Forward,Inactive,N,1610612746,Clippers,LAC,clippers,Los Angeles,HISTADD_cedric_ball,1990.0,1990.0,N,Y,Y,Undrafted,Undrafted,Undrafted,N
1630163,LaMelo,Ball,LaMelo Ball,"Ball, LaMelo",L. Ball,lamelo-ball,2001-08-22 00:00:00,Illawarra,USA,Illawarra/USA,6-7,180,3.0,1,Guard,Active,N,1610612766,Hornets,CHA,hornets,Charlotte,lamelo_ball,2020.0,2023.0,N,Y,Y,2020,1,3,N
1629071,LiAngelo,Ball,LiAngelo Ball,"Ball, LiAngelo",L. Ball,liangelo-ball,1998-11-24 00:00:00,,USA,UCLA/USA,,,0.0,,,Inactive,N,0,,,,,liangelo_ball,,,Y,N,Y,2018,,,N
1628366,Lonzo,Ball,Lonzo Ball,"Ball, Lonzo",L. Ball,lonzo-ball,1997-10-27 00:00:00,UCLA,USA,UCLA/USA,6-6,190,5.0,2,Guard,Active,N,1610612741,Bulls,CHI,bulls,Chicago,lonzo_ball,2017.0,2023.0,N,Y,Y,2017,1,2,N
76091,Greg,Ballard,Greg Ballard,"Ballard, Greg",G. Ballard,greg-ballard,1955-01-29 00:00:00,Oregon,USA,Oregon/USA,6-7,215,11.0,42,Forward,Inactive,N,1610612764,Bullets,WAS,wizards,Washington,HISTADD_greg_ballard,1977.0,1988.0,N,Y,Y,1977,1,4,N
76092,Herschel,Baltimore,Herschel Baltimore,"Baltimore, Herschel",H. Baltimore,herschel-baltimore,1921-06-21 00:00:00,Penn State,USA,Penn State/USA,6-4,195,1.0,,Forward,Inactive,N,1610610034,Bombers,BOM,bombers,St. Louis,HISTADD_herk_baltimore,1946.0,1946.0,N,Y,Y,Undrafted,Undrafted,Undrafted,N
1631094,Paolo,Banchero,Paolo Banchero,"Banchero, Paolo",P. Banchero,paolo-banchero,2002-11-12 00:00:00,Duke,USA,Duke/USA,6-10,250,1.0,5,Forward,Active,N,1610612753,Magic,ORL,magic,Orlando,paolo_banchero,2022.0,2023.0,N,Y,Y,2022,1,1,N
1630217,Desmond,Bane,Desmond Bane,"Bane, Desmond",D. Bane,desmond-bane,1998-06-25 00:00:00,TCU,USA,TCU/USA,6-5,215,3.0,22,Guard,Active,N,1610612763,Grizzlies,MEM,grizzlies,Memphis,desmond_bane,2020.0,2023.0,N,Y,Y,2020,1,30,N
76093,Gene,Banks,Gene Banks,"Banks, Gene",G. Banks,gene-banks,1959-05-15 00:00:00,Duke,USA,Duke/USA,6-7,215,6.0,20,Forward,Inactive,N,1610612759,Spurs,SAS,spurs,San Antonio,HISTADD_gene_banks,1981.0,1986.0,N,Y,Y,1981,2,28,N
2556,Marcus,Banks,Marcus Banks,"Banks, Marcus",M. Banks,marcus-banks,1981-11-19 00:00:00,UNLV,USA,UNLV/USA,6-2,205,9.0,15,Guard,Inactive,N,1610612738,Celtics,BOS,celtics,Boston,marcus_banks,2003.0,2010.0,Y,Y,Y,2003,1,13,N
76094,Ken,Bannister,Ken Bannister,"Bannister, Ken",K. Bannister,ken-bannister,1960-04-01 00:00:00,St. Augustine's,USA,St. Augustine's/USA,6-9,235,5.0,51,Forward,Inactive,N,1610612752,Knicks,NYK,knicks,New York,HISTADD_ken_bannister,1984.0,1990.0,N,Y,Y,1984,7,156,N
76095,Mike,Bantom,Mike Bantom,"Bantom, Mike",M. Bantom,mike-bantom,1951-12-03 00:00:00,St. Joseph's (PA),USA,St. Joseph's (PA)/USA,6-9,200,9.0,42,Forward,Inactive,N,1610612754,Pacers,IND,pacers,Indiana,HISTADD_mike_bantom,1973.0,1981.0,N,Y,Y,1973,1,8,N
1630625,Dalano,Banton,Dalano Banton,"Banton, Dalano",D. Banton,dalano-banton,1999-11-07 00:00:00,Nebraska,Canada,Nebraska/Canada,6-7,204,2.0,45,Forward,Active,N,1610612761,Raptors,TOR,raptors,Toronto,dalano_banton,2021.0,2023.0,Y,Y,Y,2021,2,46,N
1627760,Cat,Barber,Cat Barber,"Barber, Cat",C. Barber,cat-barber,1994-07-25 00:00:00,North Carolina State,USA,North Carolina State/USA,6-1,173,1.0,,Guard,Inactive,N,0,,,,,cat_barber,2021.0,2021.0,Y,Y,Y,2016,,,N
76096,John,Barber,John Barber,"Barber, John",J. Barber,john-barber,1927-06-27 00:00:00,California State-Los Angeles,USA,California State-Los Angeles/USA,6-6,210,1.0,25,Forward,Inactive,N,1610612737,Hawks,STL,hawks,St. Louis,HISTADD_john_barber,1956.0,1956.0,N,Y,Y,1956,,,N
76097,Stephen,Bardo,Stephen Bardo,"Bardo, Stephen",S. Bardo,stephen-bardo,1968-04-05 00:00:00,Illinois,USA,Illinois/USA,6-5,190,3.0,25,Guard,Inactive,N,1610612742,Mavericks,DAL,mavericks,Dallas,HISTADD_stephen_bardo,1991.0,1995.0,N,Y,Y,1990,2,41,N
200826,J.J.,Barea,J.J. Barea,"Barea, J.J.",J. Barea,jj-barea,1984-06-26 00:00:00,Northeastern,Puerto Rico,Northeastern/Puerto Rico,5-10,180,15.0,5,Guard,Inactive,N,1610612742,Mavericks,DAL,mavericks,Dallas,j.j._barea,2006.0,2019.0,Y,Y,Y,Undrafted,Undrafted,Undrafted,N
76098,Cliff,Barker,Cliff Barker,"Barker, Cliff",C. Barker,cliff-barker,1921-01-15 00:00:00,Kentucky,USA,Kentucky/USA,6-2,185,3.0,,Guard,Inactive,N,1610610030,Olympians,INO,olympians,Indianapolis,HISTADD_cliff_barker,1949.0,1951.0,N,Y,Y,1949,5,,N
76099,Tom,Barker,Tom Barker,"Barker, Tom",T. Barker,tom-barker,1955-03-11 00:00:00,Hawaii,USA,Hawaii/USA,6-11,225,2.0,6,Center,Inactive,N,1610612737,Hawks,ATL,hawks,Atlanta,HISTADD_tom_barker,1976.0,1978.0,N,Y,Y,1976,4,53,N
787,Charles,Barkley,Charles Barkley,"Barkley, Charles",C. Barkley,charles-barkley,1963-02-20 00:00:00,Auburn,USA,Auburn/USA,6-6,252,16.0,34,Forward,Inactive,N,1610612755,76ers,PHI,sixers,Philadelphia,charles_barkley,1984.0,1999.0,N,Y,Y,1984,1,5,Y
2057,Erick,Barkley,Erick Barkley,"Barkley, Erick",E. Barkley,erick-barkley,1978-02-21 00:00:00,St. John's (NY),USA,St. John's (NY)/USA,6-1,185,3.0,1,Guard,Inactive,N,1610612757,Trail Blazers,POR,blazers,Portland,erick_barkley,2000.0,2002.0,N,Y,Y,2000,1,28,N
76102,Don,Barksdale,Don Barksdale,"Barksdale, Don",D. Barksdale,don-barksdale,1923-03-31 00:00:00,UCLA,USA,UCLA/USA,6-6,200,4.0,17,Forward,Inactive,N,1610612738,Celtics,BOS,celtics,Boston,HISTADD_don_barksdale,1951.0,1954.0,N,Y,Y,Undrafted,Undrafted,Undrafted,N
1631230,Dominick,Barlow,Dominick Barlow,"Barlow, Dominick",D. Barlow,dominick-barlow,2003-05-26 00:00:00,Overtime Elite,USA,Overtime Elite/USA,6-9,215,1.0,26,Forward,Active,N,1610612759,Spurs,SAS,spurs,San Antonio,dominick_barlow,2022.0,2023.0,Y,Y,Y,Undrafted,Undrafted,Undrafted,N
203084,Harrison,Barnes,Harrison Barnes,"Barnes, Harrison",H. Barnes,harrison-barnes,1992-05-30 00:00:00,North Carolina,USA,North Carolina/USA,6-8,225,11.0,40,Forward,Active,N,1610612758,Kings,SAC,kings,Sacramento,harrison_barnes,2012.0,2023.0,N,Y,Y,2012,1,7,N
76105,Jim,Barnes,Jim Barnes,"Barnes, Jim",J. Barnes,jim-barnes,1941-04-13 00:00:00,Texas-El Paso,USA,Texas-El Paso/USA,6-8,210,7.0,12,Center,Inactive,N,1610612738,Celtics,BOS,celtics,Boston,HISTADD_jim_barnes,1964.0,1970.0,N,Y,Y,1964,1,1,N
76104,Marvin,Barnes,Marvin Barnes,"Barnes, Marvin",M. Barnes,marvin-barnes,1952-07-27 00:00:00,Providence,USA,Providence/USA,6-9,210,4.0,27,Forward,Inactive,N,1610612746,Clippers,SDC,clippers,San Diego,HISTADD_marvin_barnes,1976.0,1979.0,N,Y,Y,1974,1,2,N
2440,Matt,Barnes,Matt Barnes,"Barnes, Matt",M. Barnes,matt-barnes,1980-03-09 00:00:00,UCLA,USA,UCLA/USA,6-7,226,15.0,22,Forward,Inactive,N,1610612746,Clippers,LAC,clippers,Los Angeles,matt_barnes,2002.0,2016.0,N,Y,Y,2002,2,45,N
1630567,Scottie,Barnes,Scottie Barnes,"Barnes, Scottie",S. Barnes,scottie-barnes,2001-08-01 00:00:00,Florida State,USA,Florida State/USA,6-8,225,2.0,4,Forward,Active,N,1610612761,Raptors,TOR,raptors,Toronto,scottie_barnes,2021.0,2023.0,N,Y,Y,2021,1,4,N
76106,Jim,Barnett,Jim Barnett,"Barnett, Jim",J. Barnett,jim-barnett,1944-07-07 00:00:00,Oregon,USA,Oregon/USA,6-4,170,11.0,33,Guard,Inactive,N,1610612744,Warriors,GOS,warriors,Golden State,HISTADD_jim_barnett,1966.0,1976.0,N,Y,Y,1966,1,8,N
76108,John,Barnhill,John Barnhill,"Barnhill, John",J. Barnhill,john-barnhill,1938-03-20 00:00:00,Tennessee State,USA,Tennessee State/USA,6-1,180,7.0,11,Guard,Inactive,N,1610612737,Hawks,STL,hawks,St. Louis,HISTADD_rabbit_barnhill,1962.0,1968.0,N,Y,Y,1959,11,77,N
76109,Norton,Barnhill,Norton Barnhill,"Barnhill, Norton",N. Barnhill,norton-barnhill,1953-07-15 00:00:00,Washington State,USA,Washington State/USA,6-4,205,1.0,10,Guard,Inactive,N,1610612760,SuperSonics,SEA,thunder,Seattle,HISTADD_norton_barnhill,1976.0,1976.0,N,Y,Y,1976,8,134,N
76110,Leo,Barnhorst,Leo Barnhorst,"Barnhorst, Leo",L. Barnhorst,leo-barnhorst,1924-05-11 00:00:00,Notre Dame,USA,Notre Dame/USA,6-4,190,5.0,8-15,Forward,Inactive,N,1610610030,Olympians,INO,olympians,Indianapolis,HISTADD_barney_barnhorst,1949.0,1953.0,N,Y,Y,1949,2,,N
76111,John,Barr,John Barr,"Barr, John",J. Barr,john-barr,1918-08-18 00:00:00,Penn State,USA,Penn State/USA,6-3,205,1.0,,Forward,Inactive,N,1610610034,Bombers,BOM,bombers,St. Louis,HISTADD_john_barr,1946.0,1946.0,N,Y,Y,Undrafted,Undrafted,Undrafted,N
76112,Mike,Barr,Mike Barr,"Barr, Mike",M. Barr,mike-barr,1950-10-19 00:00:00,Duquesne,USA,Duquesne/USA,6-3,180,1.0,34,Guard,Inactive,N,1610612758,Kings,KCK,kings,Kansas City,HISTADD_mike_barr,1976.0,1976.0,N,Y,Y,1972,13,180,N
76114,Ernie,Barrett,Ernie Barrett,"Barrett, Ernie",E. Barrett,ernie-barrett,1929-08-27 00:00:00,Kansas State,USA,Kansas State/USA,,,2.0,,,Inactive,N,0,,,,,europelive,1953.0,2008.0,N,Y,Y,1951,1,7,N
1629628,RJ,Barrett,RJ Barrett,"Barrett, RJ",R. Barrett,rj-barrett,2000-06-14 00:00:00,Duke,Canada,Duke/Canada,6-6,214,4.0,9,Forward-Guard,Active,N,1610612752,Knicks,NYK,knicks,New York,rj_barrett,2019.0,2023.0,N,Y,Y,2019,1,3,N
2853,Earl,Barron,Earl Barron,"Barron, Earl",E. Barron,earl-barron,1981-08-14 00:00:00,Memphis,USA,Memphis/USA,7-0,250,9.0,30,Forward-Center,Inactive,N,1610612748,Heat,MIA,heat,Miami,earl_barron,2005.0,2014.0,Y,Y,Y,Undrafted,Undrafted,Undrafted,N
344,Dana,Barros,Dana Barros,"Barros, Dana",D. Barros,dana-barros,1967-04-13 00:00:00,Boston College,USA,Boston College/USA,5-11,165,15.0,,Guard,Inactive,N,1610612738,Celtics,BOS,celtics,Boston,dana_barros,1989.0,2003.0,N,Y,Y,1989,1,16,N
699,Brent,Barry,Brent Barry,"Barry, Brent",B. Barry,brent-barry,1971-12-31 00:00:00,Oregon State,USA,Oregon State/USA,6-7,210,15.0,17,Guard,Inactive,N,1610612760,SuperSonics,SEA,thunder,Seattle,brent_barry,1995.0,2008.0,N,Y,Y,1995,1,15,N
1003,Drew,Barry,Drew Barry,"Barry, Drew",D. Barry,drew-barry,1973-02-17 00:00:00,Georgia Tech,USA,Georgia Tech/USA,6-5,191,3.0,10,Guard,Inactive,N,1610612737,Hawks,ATL,hawks,Atlanta,drew_barry,1997.0,1999.0,N,Y,Y,1996,2,57,N
468,Jon,Barry,Jon Barry,"Barry, Jon",J. Barry,jon-barry,1969-07-25 00:00:00,Georgia Tech,USA,Georgia Tech/USA,6-5,210,14.0,,Guard,Inactive,N,0,,,,,jon_barry,1992.0,2005.0,N,Y,Y,1992,1,21,N
600013,Rick,Barry,Rick Barry,"Barry, Rick",R. Barry,rick-barry,1944-03-28 00:00:00,Miami,USA,Miami/USA,6-7,205,10.0,24,Forward,Inactive,N,1610612744,Warriors,GOS,warriors,Golden State,HISTADD_rick_barry,1965.0,1979.0,N,Y,Y,1965,1,2,Y
76117,Ed,Bartels,Ed Bartels,"Bartels, Ed",E. Bartels,ed-bartels,1925-10-08 00:00:00,North Carolina State,USA,North Carolina State/USA,6-6,195,2.0,,Forward,Inactive,N,1610610036,Capitols,WAS,capitols,Washington,HISTADD_ed_bartels,1949.0,1950.0,N,Y,Y,Undrafted,Undrafted,Undrafted,N
76118,Vic,Bartolome,Vic Bartolome,"Bartolome, Vic",V. Bartolome,vic-bartolome,1948-09-29 00:00:00,Oregon State,USA,Oregon State/USA,7-0,230,1.0,20,Center,Inactive,N,1610612744,Warriors,GOS,warriors,Golden State,HISTADD_vic_bartolome,1971.0,1971.0,N,Y,Y,1970,6,87,N
203115,Will,Barton,Will Barton,"Barton, Will",W. Barton,will-barton,1991-01-06 00:00:00,Memphis,USA,Memphis/USA,6-5,181,11.0,1,Guard,Active,N,1610612761,Raptors,TOR,raptors,Toronto,will_barton,2012.0,2023.0,Y,Y,Y,2012,2,40,N
101188,Eddie,Basden,Eddie Basden,"Basden, Eddie",E. Basden,eddie-basden,1983-02-15 00:00:00,North Carolina-Charlotte,USA,North Carolina-Charlotte/USA,6-5,215,2.0,13,Guard,Inactive,N,1610612741,Bulls,CHI,bulls,Chicago,eddie_basden,2005.0,2005.0,Y,Y,Y,Undrafted,Undrafted,Undrafted,N
101138,Brandon,Bass,Brandon Bass,"Bass, Brandon",B. Bass,brandon-bass,1985-04-30 00:00:00,Louisiana State,USA,Louisiana State/USA,6-8,250,13.0,30,Forward,Inactive,N,1610612738,Celtics,BOS,celtics,Boston,brandon_bass,2005.0,2016.0,Y,Y,Y,2005,2,33,N
1628238,Paris,Bass,Paris Bass,"Bass, Paris",P. Bass,paris-bass,1995-08-29 00:00:00,Detroit Mercy,USA,Detroit Mercy/USA,6-8,200,2.0,,Forward,Inactive,N,0,,,,,paris_bass,2021.0,2021.0,Y,Y,Y,Undrafted,Undrafted,Undrafted,N
76120,Tim,Bassett,Tim Bassett,"Bassett, Tim",T. Bassett,tim-bassett,1951-04-01 00:00:00,Georgia,USA,Georgia/USA,6-8,225,4.0,21,Forward,Inactive,N,1610612751,Nets,NJN,nets,New Jersey,HISTADD_tim_bassett,1976.0,1979.0,N,Y,Y,1973,7,106,N
1629646,Charles,Bassey,Charles Bassey,"Bassey, Charles",C. Bassey,charles-bassey,2000-10-28 00:00:00,Western Kentucky,Nigeria,Western Kentucky/Nigeria,6-9,230,2.0,28,Center-Forward,Active,N,1610612759,Spurs,SAS,spurs,San Antonio,charles_bassey,2021.0,2023.0,Y,Y,Y,2021,2,53,N
1766,Maceo,Baston,Maceo Baston,"Baston, Maceo",M. Baston,maceo-baston,1976-05-29 00:00:00,Michigan,USA,Michigan/USA,6-10,230,5.0,9,Forward,Inactive,N,1610612754,Pacers,IND,pacers,Indiana,maceo_baston,2002.0,2008.0,N,Y,Y,1998,2,58,N
2370,Mengke,Bateer,Mengke Bateer,"Bateer, Mengke",M. Bateer,mengke-bateer,1975-11-20 00:00:00,Beijing,China,Beijing/China,6-11,290,4.0,,Center,Inactive,N,0,,,,,mengke_bateer,2001.0,2003.0,N,Y,Y,Undrafted,Undrafted,Undrafted,N
76121,Billyray,Bates,Billyray Bates,"Bates, Billyray",B. Bates,billyray-bates,1956-05-31 00:00:00,Kentucky State,USA,Kentucky State/USA,6-4,210,4.0,35,Guard,Inactive,N,1610612757,Trail Blazers,POR,blazers,Portland,HISTADD_billy_ray_bates,1979.0,1982.0,N,Y,Y,1978,3,47,N
1499,Tony,Battie,Tony Battie,"Battie, Tony",T. Battie,tony-battie,1976-02-11 00:00:00,Texas Tech,USA,Texas Tech/USA,6-11,240,15.0,4,Center,Inactive,N,1610612738,Celtics,BOS,celtics,Boston,tony_battie,1997.0,2011.0,N,Y,Y,1997,1,5,N
2203,Shane,Battier,Shane Battier,"Battier, Shane",S. Battier,shane-battier,1978-09-09 00:00:00,Duke,USA,Duke/USA,6-8,220,13.0,31,Forward,Inactive,N,1610612763,Grizzlies,MEM,grizzlies,Memphis,shane_battier,2001.0,2013.0,N,Y,Y,2001,1,6,N
76124,Dave,Batton,Dave Batton,"Batton, Dave",D. Batton,dave-batton,1956-03-26 00:00:00,Notre Dame,USA,Notre Dame/USA,6-10,240,2.0,45,Center,Inactive,N,1610612764,Bullets,WAS,wizards,Washington,HISTADD_dave_batton,1982.0,1983.0,N,Y,Y,1978,3,62,N
201587,Nicolas,Batum,Nicolas Batum,"Batum, Nicolas",N. Batum,nicolas-batum,1988-12-14 00:00:00,Le Mans,France,Le Mans/France,6-8,230,15.0,33,Guard-Forward,Active,N,1610612746,Clippers,LAC,clippers,LA,nicolas_batum,2008.0,2023.0,N,Y,Y,2008,1,25,N
76125,Johnny,Baum,Johnny Baum,"Baum, Johnny",J. Baum,johnny-baum,1946-06-17 00:00:00,Temple,USA,Temple/USA,6-5,200,2.0,14,Forward,Inactive,N,1610612741,Bulls,CHI,bulls,Chicago,HISTADD_johnny_baum,1969.0,1970.0,N,Y,Y,1969,2,23,N
76126,Frankie,Baumholtz,Frankie Baumholtz,"Baumholtz, Frankie",F. Baumholtz,frankie-baumholtz,1918-10-07 00:00:00,Ohio,USA,Ohio/USA,5-10,170,1.0,,Guard,Inactive,N,1610610026,Rebels,CLR,rebels,Cleveland,HISTADD_frankie_baumholtz,1946.0,1946.0,N,Y,Y,Undrafted,Undrafted,Undrafted,N
2437,Lonny,Baxter,Lonny Baxter,"Baxter, Lonny",L. Baxter,lonny-baxter,1979-01-27 00:00:00,Maryland,USA,Maryland/USA,6-8,260,4.0,35,Forward,Inactive,N,1610612741,Bulls,CHI,bulls,Chicago,lonny_baxter,2002.0,2005.0,N,Y,Y,2002,2,43,N
76127,Elgin,Baylor,Elgin Baylor,"Baylor, Elgin",E. Baylor,elgin-baylor,1934-09-16 00:00:00,Seattle,USA,Seattle/USA,6-5,225,14.0,22,Forward,Inactive,N,1610612747,Lakers,LAL,lakers,Los Angeles,HISTADD_elgin_baylor,1958.0,1971.0,N,Y,Y,1958,1,1,Y
203382,Aron,Baynes,Aron Baynes,"Baynes, Aron",A. Baynes,aron-baynes,1986-12-09 00:00:00,Washington State,Australia,Washington State/Australia,6-10,260,10.0,46,Center-Forward,Inactive,N,1610612765,Pistons,DET,pistons,Detroit,aron_baynes,2012.0,2020.0,Y,Y,Y,Undrafted,Undrafted,Undrafted,N
76128,Sergei,Bazarevich,Sergei Bazarevich,"Bazarevich, Sergei",S. Bazarevich,sergei-bazarevich,1965-03-15 00:00:00,Tofas S.K.,Russia,Tofas S.K./Russia,6-2,168,1.0,5,Guard,Inactive,N,1610612737,Hawks,ATL,hawks,Atlanta,HISTADD_sergei_bazarevich,1994.0,1994.0,N,Y,Y,Undrafted,Undrafted,Undrafted,N
203145,Kent,Bazemore,Kent Bazemore,"Bazemore, Kent",K. Bazemore,kent-bazemore,1989-07-01 00:00:00,Old Dominion,USA,Old Dominion/USA,6-4,195,11.0,9,Guard-Forward,Inactive,N,1610612747,Lakers,LAL,lakers,Los Angeles,kent_bazemore,2012.0,2021.0,Y,Y,Y,Undrafted,Undrafted,Undrafted,N
1629647,Darius,Bazley,Darius Bazley,"Bazley, Darius",D. Bazley,darius-bazley,2000-06-12 00:00:00,Princeton HS (OH),USA,Princeton HS (OH)/USA,6-9,216,4.0,55,Forward,Active,N,1610612756,Suns,PHX,suns,Phoenix,darius_bazley,2019.0,2023.0,N,Y,Y,2019,1,23,N
76129,Ed,Beach,Ed Beach,"Beach, Ed",E. Beach,ed-beach,1929-01-25 00:00:00,West Virginia,USA,West Virginia/USA,6-3,200,1.0,,Forward,Inactive,N,1610612737,Blackhawks,TCB,hawks,Tri-Cities,HISTADD_ed_beach,1950.0,1950.0,N,Y,Y,1950,5,,N
203078,Bradley,Beal,Bradley Beal,"Beal, Bradley",B. Beal,bradley-beal,1993-06-28 00:00:00,Florida,USA,Florida/USA,6-4,207,11.0,3,Guard,Active,N,1610612756,Suns,PHX,suns,Phoenix,bradley_beal,2012.0,2023.0,N,Y,Y,2012,1,3,N
76130,Butch,Beard,Butch Beard,"Beard, Butch",B. Beard,butch-beard,1947-05-04 00:00:00,Louisville,USA,Louisville/USA,6-3,185,9.0,9,Guard,Inactive,N,1610612752,Knicks,NYK,knicks,New York,HISTADD_butch_beard,1969.0,1978.0,N,Y,Y,1969,1,10,N
76131,Ralph,Beard,Ralph Beard,"Beard, Ralph",R. Beard,ralph-beard,1927-12-02 00:00:00,Kentucky,USA,Kentucky/USA,5-10,175,2.0,,Guard,Inactive,N,1610610030,Olympians,INO,olympians,Indianapolis,HISTADD_ralph_beard,1949.0,1950.0,N,Y,Y,1949,2,,N
2602,Jerome,Beasley,Jerome Beasley,"Beasley, Jerome",J. Beasley,jerome-beasley,1980-05-17 00:00:00,North Dakota,USA,North Dakota/USA,6-9,237,2.0,24,Forward,Inactive,N,1610612748,Heat,MIA,heat,Miami,jerome_beasley,2003.0,2003.0,Y,Y,Y,2003,2,33,N
1627736,Malik,Beasley,Malik Beasley,"Beasley, Malik",M. Beasley,malik-beasley,1996-11-26 00:00:00,Florida State,USA,Florida State/USA,6-4,187,7.0,5,Guard,Active,N,1610612747,Lakers,LAL,lakers,Los Angeles,malik_beasley,2016.0,2023.0,Y,Y,Y,2016,1,19,N
76133,Zelmo,Beaty,Zelmo Beaty,"Beaty, Zelmo",Z. Beaty,zelmo-beaty,1939-10-25 00:00:00,Prairie View A&M,USA,Prairie View A&M/USA,6-9,225,8.0,31,Center,Inactive,N,1610612737,Hawks,ATL,hawks,Atlanta,HISTADD_bigz_beaty,1962.0,1974.0,N,Y,Y,1962,1,3,N
201958,Rodrigue,Beaubois,Rodrigue Beaubois,"Beaubois, Rodrigue",R. Beaubois,rodrigue-beaubois,1988-02-24 00:00:00,Cholet,France,Cholet/France,6-2,185,5.0,3,Guard,Inactive,N,1610612742,Mavericks,DAL,mavericks,Dallas,rodrigue_beaubois,2009.0,2012.0,N,Y,Y,2009,1,25,N
1630699,MarJon,Beauchamp,MarJon Beauchamp,"Beauchamp, MarJon",M. Beauchamp,marjon-beauchamp,2000-10-12 00:00:00,NBA G League Ignite,USA,NBA G League Ignite/USA,6-7,199,1.0,0,Forward,Active,N,1610612749,Bucks,MIL,bucks,Milwaukee,marjon_beauchamp,2021.0,2023.0,Y,Y,Y,2022,1,24,N
76134,Byron,Beck,Byron Beck,"Beck, Byron",B. Beck,byron-beck,1945-01-25 00:00:00,Denver,USA,Denver/USA,6-9,225,1.0,40,Center,Inactive,N,1610612743,Nuggets,DEN,nuggets,Denver,HISTADD_byron_beck,1976.0,1976.0,N,Y,Y,1967,2,15,N
1133,Corey,Beck,Corey Beck,"Beck, Corey",C. Beck,corey-beck,1971-05-27 00:00:00,Arkansas,USA,Arkansas/USA,6-3,200,3.0,15,Guard,Inactive,N,1610612766,Hornets,CHH,hornets,Charlotte,corey_beck,1995.0,1998.0,N,Y,Y,Undrafted,Undrafted,Undrafted,N
76136,Ernie,Beck,Ernie Beck,"Beck, Ernie",E. Beck,ernie-beck,1931-12-11 00:00:00,Pennsylvania,USA,Pennsylvania/USA,6-4,190,7.0,12,Guard,Inactive,N,1610612744,Warriors,PHW,warriors,Philadelphia,HISTADD_ernie_beck,1953.0,1960.0,N,Y,Y,1953,,,N
76137,Moe,Becker,Moe Becker,"Becker, Moe",M. Becker,moe-becker,1917-02-24 00:00:00,Duquesne,USA,Duquesne/USA,6-1,185,1.0,,Guard,Inactive,N,1610610028,Falcons,DEF,falcons,Detroit,HISTADD_moe_becker,1946.0,1946.0,N,Y,Y,Undrafted,Undrafted,Undrafted,N
76140,Ron,Behagen,Ron Behagen,"Behagen, Ron",R. Behagen,ron-behagen,1951-01-14 00:00:00,Minnesota,USA,Minnesota/USA,6-9,185,7.0,12,Forward,Inactive,N,1610612758,Kings,KCK,kings,Kansas City,HISTADD_ron_behagen,1973.0,1979.0,N,Y,Y,1973,1,7,N
76141,Elmer,Behnke,Elmer Behnke,"Behnke, Elmer",E. Behnke,elmer-behnke,1929-02-03 00:00:00,Bradley,USA,Bradley/USA,6-7,210,1.0,,Center,Inactive,N,1610612737,Hawks,MIH,hawks,Milwaukee,HISTADD_elmer_behnke,1951.0,1951.0,N,Y,Y,1951,4,37,N
76142,Dennis,Bell,Dennis Bell,"Bell, Dennis",D. Bell,dennis-bell,1951-06-02 00:00:00,Drake,USA,Drake/USA,6-5,185,3.0,46,Forward,Inactive,N,1610612752,Knicks,NYK,knicks,New York,HISTADD_dennis_bell,1973.0,1975.0,N,Y,Y,1973,5,83,N
1628395,Jordan,Bell,Jordan Bell,"Bell, Jordan",J. Bell,jordan-bell,1995-01-07 00:00:00,Oregon,USA,Oregon/USA,6-7,216,5.0,,Forward,Inactive,N,0,,,,,jordan_bell,2017.0,2021.0,Y,Y,Y,2017,2,38,N
1952,Raja,Bell,Raja Bell,"Bell, Raja",R. Bell,raja-bell,1976-09-19 00:00:00,Florida International,US Virgin Islands,Florida International/U.S. Virgin Islands,6-5,210,13.0,19,Guard,Inactive,N,1610612756,Suns,PHX,suns,Phoenix,raja_bell,2000.0,2011.0,N,Y,Y,Undrafted,Undrafted,Undrafted,N
2559,Troy,Bell,Troy Bell,"Bell, Troy",T. Bell,troy-bell,1980-11-10 00:00:00,Boston College,USA,Boston College/USA,6-1,180,2.0,3,Guard,Inactive,N,1610612763,Grizzlies,MEM,grizzlies,Memphis,troy_bell,2003.0,2003.0,Y,Y,Y,2003,1,16,N
76143,William,Bell,William Bell,"Bell, William",W. Bell,william-bell,1932-09-13 00:00:00,North Carolina State,USA,North Carolina State/USA,6-0,180,2.0,15,Guard,Inactive,N,1610612752,Knicks,NYK,knicks,New York,HISTADD_whitey_bell,1959.0,1960.0,N,Y,Y,Undrafted,Undrafted,Undrafted,N
76144,Walt,Bellamy,Walt Bellamy,"Bellamy, Walt",W. Bellamy,walt-bellamy,1939-07-24 00:00:00,Indiana,USA,Indiana/USA,6-10,225,14.0,8,Center,Inactive,N,1610612737,Hawks,ATL,hawks,Atlanta,HISTADD_walt_bellamy,1961.0,1974.0,N,Y,Y,1961,1,1,N
1627761,DeAndre',Bembry,DeAndre' Bembry,"Bembry, DeAndre'",D. Bembry,deandre-bembry,1994-07-04 00:00:00,St. Joseph's (PA),USA,St. Joseph's (PA)/USA,6-5,210,6.0,,Guard-Forward,Inactive,N,0,,,,,deandre'_bembry,2016.0,2021.0,Y,Y,Y,2016,1,21,N
76145,Irv,Bemoras,Irv Bemoras,"Bemoras, Irv",I. Bemoras,irv-bemoras,1930-11-18 00:00:00,Illinois,USA,Illinois/USA,6-3,185,2.0,26,Forward,Inactive,N,1610612737,Hawks,STL,hawks,St. Louis,HISTADD_irv_bemoras,1953.0,1956.0,N,Y,Y,1953,,,N
76146,Leon,Benbow,Leon Benbow,"Benbow, Leon",L. Benbow,leon-benbow,1950-07-23 00:00:00,Jacksonville,USA,Jacksonville/USA,6-4,185,2.0,5,Guard,Inactive,N,1610612741,Bulls,CHI,bulls,Chicago,HISTADD_leon_benbow,1974.0,1975.0,N,Y,Y,1974,2,27,N
1627733,Dragan,Bender,Dragan Bender,"Bender, Dragan",D. Bender,dragan-bender,1997-11-17 00:00:00,Maccabi Tel Aviv,Croatia,Maccabi Tel Aviv/Croatia,7-0,249,4.0,,Forward,Inactive,N,0,,,,,dragan_bender,2016.0,2019.0,Y,Y,Y,2016,1,4,N
1886,Jonathan,Bender,Jonathan Bender,"Bender, Jonathan",J. Bender,jonathan-bender,1981-01-30 00:00:00,Picayune HS (MS),USA,Picayune HS (MS)/USA,7-0,230,9.0,9,Forward,Inactive,N,1610612754,Pacers,IND,pacers,Indiana,jonathan_bender,1999.0,2009.0,N,Y,Y,1999,1,5,N
203968,Jerrelle,Benimon,Jerrelle Benimon,"Benimon, Jerrelle",J. Benimon,jerrelle-benimon,1991-08-01 00:00:00,Towson,USA,Towson/USA,,,1.0,,,Inactive,N,0,,,,,jerrelle_benimon,2014.0,2014.0,Y,Y,Y,Undrafted,Undrafted,Undrafted,N
104,Benoit,Benjamin,Benoit Benjamin,"Benjamin, Benoit",B. Benjamin,benoit-benjamin,1964-11-22 00:00:00,Creighton,USA,Creighton/USA,7-0,250,15.0,,Center,Inactive,N,0,,,,,benoit_benjamin,1985.0,1999.0,N,Y,Y,1985,1,3,N
1736,Corey,Benjamin,Corey Benjamin,"Benjamin, Corey",C. Benjamin,corey-benjamin,1978-02-24 00:00:00,Oregon State,USA,Oregon State/USA,6-6,200,5.0,,Guard,Inactive,N,0,,,,,corey_benjamin,1998.0,2002.0,N,Y,Y,1998,1,28,N
203461,Anthony,Bennett,Anthony Bennett,"Bennett, Anthony",A. Bennett,anthony-bennett,1993-03-14 00:00:00,UNLV,Canada,UNLV/Canada,6-8,235,5.0,,Forward,Inactive,N,0,,,,,anthony_bennett,2013.0,2016.0,Y,Y,Y,2013,1,1,N
1120,Elmer,Bennett,Elmer Bennett,"Bennett, Elmer",E. Bennett,elmer-bennett,1970-02-13 00:00:00,Notre Dame,USA,Notre Dame/USA,6-0,170,3.0,,Guard,Inactive,N,0,,,,,elmer_bennett,1994.0,1996.0,N,Y,Y,1992,2,38,N
712,Mario,Bennett,Mario Bennett,"Bennett, Mario",M. Bennett,mario-bennett,1973-08-01 00:00:00,Arizona State,USA,Arizona State/USA,6-9,235,5.0,24,Center-Forward,Inactive,N,1610612747,Lakers,LAL,lakers,Los Angeles,mario_bennett,1995.0,2002.0,N,Y,Y,1995,1,27,N
76148,Tony,Bennett,Tony Bennett,"Bennett, Tony",T. Bennett,tony-bennett,1969-06-01 00:00:00,Wisconsin-Green Bay,USA,Wisconsin-Green Bay/USA,6-0,175,3.0,25,Guard,Inactive,N,1610612766,Hornets,CHH,hornets,Charlotte,HISTADD_tony_bennett,1992.0,1994.0,N,Y,Y,1992,2,35,N
76152,Winston,Bennett,Winston Bennett,"Bennett, Winston",W. Bennett,winston-bennett,1965-02-09 00:00:00,Kentucky,USA,Kentucky/USA,6-7,210,3.0,30,Guard,Inactive,N,1610612739,Cavaliers,CLE,cavaliers,Cleveland,HISTADD_winston_bennett,1989.0,1991.0,N,Y,Y,1988,3,64,N
128,David,Benoit,David Benoit,"Benoit, David",D. Benoit,david-benoit,1968-05-09 00:00:00,Alabama,USA,Alabama/USA,6-8,220,7.0,21,Forward,Inactive,N,1610612762,Jazz,UTA,jazz,Utah,david_benoit,1991.0,2000.0,N,Y,Y,Undrafted,Undrafted,Undrafted,N
202728,Keith,Benson,Keith Benson,"Benson, Keith",K. Benson,keith-benson,1988-08-13 00:00:00,Oakland,USA,Oakland/USA,6-11,230,2.0,,Forward-Center,Inactive,N,0,,,,,keith_benson,2011.0,2011.0,Y,Y,Y,2011,2,48,N
76154,Kent,Benson,Kent Benson,"Benson, Kent",K. Benson,kent-benson,1954-12-27 00:00:00,Indiana,USA,Indiana/USA,6-11,235,11.0,54,Center,Inactive,N,1610612765,Pistons,DET,pistons,Detroit,HISTADD_kent_benson,1977.0,1987.0,N,Y,Y,1977,1,1,N
1627791,Ben,Bentil,Ben Bentil,"Bentil, Ben",B. Bentil,ben-bentil,1995-03-29 00:00:00,Providence,Ghana,Providence/Ghana,6-9,235,1.0,,Forward,Inactive,N,0,,,,,ben_bentil,2016.0,2016.0,Y,Y,Y,2016,2,51,N
76155,Gene,Berce,Gene Berce,"Berce, Gene",G. Berce,gene-berce,1926-11-22 00:00:00,Marquette,USA,Marquette/USA,5-11,175,1.0,,Guard,Inactive,N,1610612737,Blackhawks,TCB,hawks,Tri-Cities,HISTADD_gene_berce,1949.0,1949.0,N,Y,Y,1948,,,N
76156,Gary,Bergen,Gary Bergen,"Bergen, Gary",G. Bergen,gary-bergen,1932-07-16 00:00:00,Utah,USA,Utah/USA,6-8,210,1.0,18,Center,Inactive,N,1610612752,Knicks,NYK,knicks,New York,HISTADD_gary_bergen,1956.0,1956.0,N,Y,Y,1956,,,N
1631262,Jules,Bernard,Jules Bernard,"Bernard, Jules",J. Bernard,jules-bernard,2000-01-21 00:00:00,UCLA,USA,UCLA/USA,,,0.0,,,Inactive,N,0,,,,,jules_bernard,,,Y,N,Y,Undrafted,Undrafted,Undrafted,N
76157,Ricky,Berry,Ricky Berry,"Berry, Ricky",R. Berry,ricky-berry,1964-10-06 00:00:00,San Jose State,USA,San Jose State/USA,6-8,205,1.0,34,Forward,Inactive,N,1610612758,Kings,SAC,kings,Sacramento,HISTADD_ricky_berry,1988.0,1988.0,N,Y,Y,1988,1,18,N
76158,Walter,Berry,Walter Berry,"Berry, Walter",W. Berry,walter-berry,1964-05-14 00:00:00,St. John's (NY),USA,St. John's (NY)/USA,6-8,215,3.0,6,Forward,Inactive,N,1610612759,Spurs,SAS,spurs,San Antonio,HISTADD_walter_berry,1986.0,1988.0,N,Y,Y,1986,1,14,N
1629541,Dairis,Bertans,Dairis Bertans,"Bertans, Dairis",D. Bertans,dairis-bertans,1989-09-09 00:00:00,Olimpia Milano,Latvia,Olimpia Milano/Latvia,6-4,200,2.0,9,Guard,Inactive,N,1610612740,Pelicans,NOP,pelicans,New Orleans,tmp_dairis_bertans,2018.0,2018.0,N,Y,Y,Undrafted,Undrafted,Undrafted,N
202722,Davis,Bertans,Davis Bertans,"Bertans, Davis",D. Bertans,davis-bertans,1992-11-12 00:00:00,Baskonia,Latvia,Baskonia/Latvia,6-10,225,7.0,44,Forward,Active,N,1610612742,Mavericks,DAL,mavericks,Dallas,davis_bertans,2016.0,2023.0,Y,Y,Y,2011,2,42,N
696,Travis,Best,Travis Best,"Best, Travis",T. Best,travis-best,1972-07-12 00:00:00,Georgia Tech,USA,Georgia Tech/USA,5-11,182,11.0,6,Guard,Inactive,N,1610612754,Pacers,IND,pacers,Indiana,travis_best,1995.0,2004.0,N,Y,Y,1995,1,23,N
201976,Patrick,Beverley,Patrick Beverley,"Beverley, Patrick",P. Beverley,patrick-beverley,1988-07-12 00:00:00,Arkansas,USA,Arkansas/USA,6-2,180,11.0,21,Guard,Active,N,1610612741,Bulls,CHI,bulls,Chicago,patrick_beverley,2012.0,2023.0,Y,Y,Y,2009,2,42,N
1630180,Saddiq,Bey,Saddiq Bey,"Bey, Saddiq",S. Bey,saddiq-bey,1999-04-09 00:00:00,Villanova,USA,Villanova/USA,6-7,215,3.0,41,Forward,Active,N,1610612737,Hawks,ATL,hawks,Atlanta,saddiq_bey,2020.0,2023.0,N,Y,Y,2020,1,19,N
1630189,Tyler,Bey,Tyler Bey,"Bey, Tyler",T. Bey,tyler-bey,1998-02-10 00:00:00,Colorado,USA,Colorado/USA,6-7,215,2.0,2,Forward,Inactive,N,1610612742,Mavericks,DAL,mavericks,Dallas,tyler_bey,2020.0,2020.0,Y,Y,Y,2020,2,36,N
204021,Sim,Bhullar,Sim Bhullar,"Bhullar, Sim",S. Bhullar,sim-bhullar,1992-12-02 00:00:00,New Mexico State,Canada,New Mexico State/Canada,7-5,360,1.0,,Center,Inactive,N,0,,,,,sim_bhullar,2014.0,2014.0,Y,Y,Y,Undrafted,Undrafted,Undrafted,N
76162,Henry,Bibby,Henry Bibby,"Bibby, Henry",H. Bibby,henry-bibby,1949-11-24 00:00:00,UCLA,USA,UCLA/USA,6-1,185,9.0,10-15,Guard,Inactive,N,1610612755,76ers,PHI,sixers,Philadelphia,HISTADD_henry_bibby,1972.0,1980.0,N,Y,Y,1972,4,58,N
1710,Mike,Bibby,Mike Bibby,"Bibby, Mike",M. Bibby,mike-bibby,1978-05-13 00:00:00,Arizona,USA,Arizona/USA,6-2,195,15.0,20,Guard,Inactive,N,1610612758,Kings,SAC,kings,Sacramento,mike_bibby,1998.0,2011.0,N,Y,Y,1998,1,2,N
76163,Ed,Biedenbach,Ed Biedenbach,"Biedenbach, Ed",E. Biedenbach,ed-biedenbach,1945-08-12 00:00:00,North Carolina State,USA,North Carolina State/USA,6-1,175,1.0,12,Guard,Inactive,N,1610612756,Suns,PHX,suns,Phoenix,HISTADD_ed_biedenbach,1968.0,1968.0,N,Y,Y,1968,4,45,N
2740,Andris,Biedrins,Andris Biedrins,"Biedrins, Andris",A. Biedrins,andris-biedrins,1986-04-02 00:00:00,BK Skonto,Latvia,BK Skonto/Latvia,7-0,250,10.0,,Center,Inactive,N,0,,,,,andris_biedrins,2004.0,2013.0,N,Y,Y,2004,1,11,N
76164,Don,Bielke,Don Bielke,"Bielke, Don",D. Bielke,don-bielke,1933-01-01 00:00:00,Valparaiso,USA,Valparaiso/USA,6-7,240,1.0,18,Center,Inactive,N,1610612765,Pistons,FTW,pistons,Ft. Wayne Zollner,HISTADD_don_bielke,1955.0,1955.0,N,Y,Y,1954,8,67,N
76165,Bob,Bigelow,Bob Bigelow,"Bigelow, Bob",B. Bigelow,bob-bigelow,1953-12-26 00:00:00,Pennsylvania,USA,Pennsylvania/USA,6-7,215,4.0,32,Forward,Inactive,N,1610612758,Kings,KCK,kings,Kansas City,HISTADD_bob_bigelow,1975.0,1978.0,N,Y,Y,1975,1,13,N
1497,Chauncey,Billups,Chauncey Billups,"Billups, Chauncey",C. Billups,chauncey-billups,1976-09-25 00:00:00,Colorado,USA,Colorado/USA,6-3,210,17.0,1,Guard,Inactive,N,1610612765,Pistons,DET,pistons,Detroit,chauncey_billups,1997.0,2013.0,N,Y,Y,1997,1,3,N
1631234,Marcus,Bingham Jr.,Marcus Bingham Jr.,"Bingham Jr., Marcus",M. Bingham Jr.,marcus-bingham-jr,2000-07-14 00:00:00,Michigan State,USA,Michigan State/USA,,,0.0,,,Inactive,N,0,,,,,marcus_bingham_jr,,,N,N,Y,Undrafted,Undrafted,Undrafted,N
76167,Joe,Binion,Joe Binion,"Binion, Joe",J. Binion,joe-binion,1961-03-26 00:00:00,North Carolina A&T,USA,North Carolina A&T/USA,6-8,235,1.0,50,Forward,Inactive,N,1610612757,Trail Blazers,POR,blazers,Portland,HISTADD_joe_binion,1986.0,1986.0,N,Y,Y,1984,3,57,N
203920,Khem,Birch,Khem Birch,"Birch, Khem",K. Birch,khem-birch,1992-09-28 00:00:00,UNLV,Canada,UNLV/Canada,6-8,233,6.0,24,Center,Active,N,1610612759,Spurs,SAS,spurs,San Antonio,khem_birch,2017.0,2023.0,Y,Y,Y,Undrafted,Undrafted,Undrafted,N
1628444,Jabari,Bird,Jabari Bird,"Bird, Jabari",J. Bird,jabari-bird,1994-07-03 00:00:00,California,USA,California/USA,6-6,198,2.0,26,Guard,Inactive,N,1610612738,Celtics,BOS,celtics,Boston,jabari_bird,2017.0,2017.0,Y,Y,Y,2017,2,56,N
76168,Jerry,Bird,Jerry Bird,"Bird, Jerry",J. Bird,jerry-bird,1935-02-02 00:00:00,Kentucky,USA,Kentucky/USA,6-6,210,1.0,7,Forward,Inactive,N,1610612752,Knicks,NYK,knicks,New York,HISTADD_jerry_bird,1958.0,1958.0,N,Y,Y,1956,,,N
1449,Larry,Bird,Larry Bird,"Bird, Larry",L. Bird,larry-bird,1956-12-07 00:00:00,Indiana State,USA,Indiana State/USA,6-9,220,13.0,33,Forward,Inactive,N,1610612738,Celtics,BOS,celtics,Boston,larry_bird,1979.0,1991.0,N,Y,Y,1978,1,6,Y
76170,Otis,Birdsong,Otis Birdsong,"Birdsong, Otis",O. Birdsong,otis-birdsong,1955-12-09 00:00:00,Houston,USA,Houston/USA,6-3,190,12.0,12,Guard,Inactive,N,1610612751,Nets,NJN,nets,New Jersey,HISTADD_otis_birdsong,1977.0,1988.0,N,Y,Y,1977,1,2,N
76171,Gale,Bishop,Gale Bishop,"Bishop, Gale",G. Bishop,gale-bishop,1922-06-04 00:00:00,Washington State,USA,Washington State/USA,6-3,195,1.0,11,Forward,Inactive,N,1610612744,Warriors,PHW,warriors,Philadelphia,HISTADD_gale_bishop,1948.0,1948.0,N,Y,Y,Undrafted,Undrafted,Undrafted,N
1629048,Goga,Bitadze,Goga Bitadze,"Bitadze, Goga",G. Bitadze,goga-bitadze,1999-07-20 00:00:00,Mega Basket,Georgia,Mega Basket/Georgia,6-11,250,4.0,88,Center-Forward,Active,N,1610612753,Magic,ORL,magic,Orlando,goga_bitadze,2019.0,2023.0,Y,Y,Y,2019,1,18,N
202687,Bismack,Biyombo,Bismack Biyombo,"Biyombo, Bismack",B. Biyombo,bismack-biyombo,1992-08-28 00:00:00,Baloncesto Fuenlabrada,DRC,Baloncesto Fuenlabrada/DRC,6-8,255,12.0,18,Center,Active,N,1610612756,Suns,PHX,suns,Phoenix,bismack_biyombo,2011.0,2023.0,N,Y,Y,2011,1,7,N
202357,Nemanja,Bjelica,Nemanja Bjelica,"Bjelica, Nemanja",N. Bjelica,nemanja-bjelica,1988-05-09 00:00:00,                                   ,Serbia,Fenerbahce/Serbia,6-9,234,8.0,8,Forward,Inactive,N,1610612744,Warriors,GSW,warriors,Golden State,nemanja_bjelica,2015.0,2021.0,N,Y,Y,2010,2,35,N
76172,Uwe,Blab,Uwe Blab,"Blab, Uwe",U. Blab,uwe-blab,1962-03-26 00:00:00,Indiana,USA,Indiana/USA,7-1,252,5.0,33,Center,Inactive,N,1610612742,Mavericks,DAL,mavericks,Dallas,HISTADD_uwe_blab,1985.0,1989.0,N,Y,Y,1985,1,17,N
76173,Charlie,Black,Charlie Black,"Black, Charlie",C. Black,charlie-black,1921-06-15 00:00:00,Kansas,USA,Kansas/USA,6-4,200,3.0,21,Forward,Inactive,N,1610612765,Pistons,FTW,pistons,Ft. Wayne Zollner,HISTADD_hawk_black,1948.0,1951.0,N,Y,Y,Undrafted,Undrafted,Undrafted,N
76174,Norman,Black,Norman Black,"Black, Norman",N. Black,norman-black,1957-11-12 00:00:00,St. Joseph's (PA),USA,St. Joseph's (PA)/USA,6-5,185,1.0,,Guard,Inactive,N,1610612765,Pistons,DET,pistons,Detroit,HISTADD_norman_black,1980.0,1980.0,N,Y,Y,Undrafted,Undrafted,Undrafted,N
204028,Tarik,Black,Tarik Black,"Black, Tarik",T. Black,tarik-black,1991-11-22 00:00:00,Kansas,USA,Kansas/USA,6-9,250,5.0,28,Forward-Center,Inactive,N,1610612747,Lakers,LAL,lakers,Los Angeles,tarik_black,2014.0,2017.0,Y,Y,Y,Undrafted,Undrafted,Undrafted,N
76175,Tom,Black,Tom Black,"Black, Tom",T. Black,tom-black,1941-07-09 00:00:00,South Dakota State,USA,South Dakota State/USA,6-10,220,1.0,24,Center,Inactive,N,1610612760,SuperSonics,SEA,thunder,Seattle,HISTADD_tom_black,1970.0,1970.0,N,Y,Y,1964,9,72,N
76180,Alex,Blackwell,Alex Blackwell,"Blackwell, Alex",A. Blackwell,alex-blackwell,1970-06-27 00:00:00,Monmouth,USA,Monmouth/USA,6-6,250,1.0,30,Forward,Inactive,N,1610612747,Lakers,LAL,lakers,Los Angeles,HISTADD_alex_blackwell,1992.0,1992.0,N,Y,Y,Undrafted,Undrafted,Undrafted,N
76177,Cory,Blackwell,Cory Blackwell,"Blackwell, Cory",C. Blackwell,cory-blackwell,1963-03-27 00:00:00,Wisconsin,USA,Wisconsin/USA,6-6,210,1.0,30,Forward,Inactive,N,1610612760,SuperSonics,SEA,thunder,Seattle,HISTADD_cory_blackwell,1984.0,1984.0,N,Y,Y,1984,2,28,N
1806,James,Blackwell,James Blackwell,"Blackwell, James",J. Blackwell,james-blackwell,1968-02-25 00:00:00,Dartmouth,USA,Dartmouth/USA,6-0,190,1.0,8,Guard,Inactive,N,1610612738,Celtics,BOS,celtics,Boston,james_blackwell,1994.0,1994.0,N,Y,Y,Undrafted,Undrafted,Undrafted,N
76179,Nate,Blackwell,Nate Blackwell,"Blackwell, Nate",N. Blackwell,nate-blackwell,1965-02-15 00:00:00,Temple,USA,Temple/USA,6-4,170,1.0,3,Guard,Inactive,N,1610612759,Spurs,SAS,spurs,San Antonio,HISTADD_nate_blackwell,1987.0,1987.0,N,Y,Y,1987,2,27,N
201971,DeJuan,Blair,DeJuan Blair,"Blair, DeJuan",D. Blair,dejuan-blair,1989-04-22 00:00:00,Pittsburgh,USA,Pittsburgh/USA,6-7,270,7.0,,Center-Forward,Inactive,N,0,,,,,dejuan_blair,2009.0,2015.0,Y,Y,Y,2009,2,37,N
2581,Steve,Blake,Steve Blake,"Blake, Steve",S. Blake,steve-blake,1980-02-26 00:00:00,Maryland,USA,Maryland/USA,6-3,172,14.0,22,Guard,Inactive,N,1610612757,Trail Blazers,POR,blazers,Portland,steve_blake,2003.0,2015.0,N,Y,Y,2003,2,38,N
202392,Marqus,Blakely,Marqus Blakely,"Blakely, Marqus",M. Blakely,marqus-blakely,1988-10-22 00:00:00,Vermont,USA,Vermont/USA,6-5,225,2.0,15,Forward,Inactive,N,1610612745,Rockets,HOU,rockets,Houston,marqus_blakely,2010.0,2010.0,Y,N,Y,Undrafted,Undrafted,Undrafted,N
1628469,Antonio,Blakeney,Antonio Blakeney,"Blakeney, Antonio",A. Blakeney,antonio-blakeney,1996-10-04 00:00:00,Louisiana State,USA,Louisiana State/USA,6-4,192,3.0,9,Guard,Inactive,N,1610612741,Bulls,CHI,bulls,Chicago,antonio_blakeney,2017.0,2018.0,Y,Y,Y,Undrafted,Undrafted,Undrafted,N
200807,Will,Blalock,Will Blalock,"Blalock, Will",W. Blalock,will-blalock,1983-09-08 00:00:00,Iowa State,USA,Iowa State/USA,6-0,205,2.0,8,Guard,Inactive,N,1610612765,Pistons,DET,pistons,Detroit,will_blalock,2006.0,2006.0,Y,Y,Y,2006,2,60,N
76182,George,Blaney,George Blaney,"Blaney, George",G. Blaney,george-blaney,1939-11-12 00:00:00,Holy Cross,USA,Holy Cross/USA,6-1,175,1.0,15,Guard,Inactive,N,1610612752,Knicks,NYK,knicks,New York,HISTADD_george_blaney,1961.0,1961.0,N,Y,Y,1961,4,33,N
76183,Lance,Blanks,Lance Blanks,"Blanks, Lance",L. Blanks,lance-blanks,1966-09-09 00:00:00,Texas-Austin,USA,Texas-Austin/USA,6-4,190,3.0,21,Guard,Inactive,N,1610612765,Pistons,DET,pistons,Detroit,HISTADD_lance_blanks,1990.0,1992.0,N,Y,Y,1990,1,26,N
76184,Ricky,Blanton,Ricky Blanton,"Blanton, Ricky",R. Blanton,ricky-blanton,1966-04-21 00:00:00,Louisiana State,USA,Louisiana State/USA,6-7,215,1.0,17,Forward,Inactive,N,1610612741,Bulls,CHI,bulls,Chicago,HISTADD_ricky_blanton,1992.0,1992.0,N,Y,Y,1989,2,46,N
101154,Andray,Blatche,Andray Blatche,"Blatche, Andray",A. Blatche,andray-blatche,1986-08-22 00:00:00,South Kent HS (CT),USA,South Kent HS (CT)/USA,6-11,260,9.0,0,Center-Forward,Inactive,N,1610612764,Wizards,WAS,wizards,Washington,andray_blatche,2005.0,2013.0,Y,Y,Y,2005,2,49,N
302,Mookie,Blaylock,Mookie Blaylock,"Blaylock, Mookie",M. Blaylock,mookie-blaylock,1967-03-20 00:00:00,Oklahoma,USA,Oklahoma/USA,,,13.0,,Guard,Inactive,N,0,,,,,mookie_blaylock,1989.0,2001.0,N,Y,Y,1989,1,12,N
202339,Eric,Bledsoe,Eric Bledsoe,"Bledsoe, Eric",E. Bledsoe,eric-bledsoe,1989-12-09 00:00:00,Kentucky,USA,Kentucky/USA,6-1,214,13.0,5,Guard,Inactive,N,1610612757,Trail Blazers,POR,blazers,Portland,eric_bledsoe,2010.0,2021.0,Y,Y,Y,2010,1,18,N
1629833,Keljin,Blevins,Keljin Blevins,"Blevins, Keljin",K. Blevins,keljin-blevins,1995-11-24 00:00:00,Montana State,USA,Montana State/USA,6-4,200,3.0,21,Guard,Inactive,N,1610612757,Trail Blazers,POR,blazers,Portland,keljin_blevins,2020.0,2021.0,Y,Y,Y,2019,,,N
76186,Leon,Blevins,Leon Blevins,"Blevins, Leon",L. Blevins,leon-blevins,1926-06-25 00:00:00,Arizona,USA,Arizona/USA,6-2,160,1.0,,Guard,Inactive,N,1610610030,Olympians,INO,olympians,Indianapolis,HISTADD_leon_blevins,1950.0,1950.0,N,Y,Y,1950,7,,N
76187,John,Block,John Block,"Block, John",J. Block,john-block,1944-04-16 00:00:00,Southern California,USA,Southern California/USA,6-10,207,10.0,35,Forward,Inactive,N,1610612745,Rockets,SDR,rockets,San Diego,HISTADD_john_block,1966.0,1975.0,N,Y,Y,1966,3,27,N
76188,Mike,Bloom,Mike Bloom,"Bloom, Mike",M. Bloom,mike-bloom,1915-01-14 00:00:00,Temple,USA,Temple/USA,6-6,190,2.0,11,Center,Inactive,N,1610610024,Bullets,BAL,bullets,Baltimore,HISTADD_mike_bloom,1947.0,1948.0,N,Y,Y,Undrafted,Undrafted,Undrafted,N
1628417,Jaron,Blossomgame,Jaron Blossomgame,"Blossomgame, Jaron",J. Blossomgame,jaron-blossomgame,1993-09-16 00:00:00,Clemson,USA,Clemson/USA,6-8,220,2.0,4,Forward,Inactive,N,1610612739,Cavaliers,CLE,cavaliers,Cleveland,jaron_blossomgame,2018.0,2018.0,Y,Y,Y,2017,2,59,N
916,Corie,Blount,Corie Blount,"Blount, Corie",C. Blount,corie-blount,1969-01-04 00:00:00,Cincinnati,USA,Cincinnati/USA,6-10,242,12.0,44,Forward-Center,Inactive,N,1610612741,Bulls,CHI,bulls,Chicago,corie_blount,1993.0,2003.0,N,Y,Y,1993,1,25,N
1548,Mark,Blount,Mark Blount,"Blount, Mark",M. Blount,mark-blount,1975-11-30 00:00:00,Pittsburgh,USA,Pittsburgh/USA,7-0,250,10.0,15,Center-Forward,Inactive,N,1610612738,Celtics,BOS,celtics,Boston,mark_blount,2000.0,2008.0,N,Y,Y,1997,2,54,N
203505,Vander,Blue,Vander Blue,"Blue, Vander",V. Blue,vander-blue,1992-07-17 00:00:00,Marquette,USA,Marquette/USA,6-5,200,3.0,,Guard,Inactive,N,0,,,,,vander_blue,2013.0,2017.0,Y,Y,Y,Undrafted,Undrafted,Undrafted,N
1629129,Trevon,Bluiett,Trevon Bluiett,"Bluiett, Trevon",T. Bluiett,trevon-bluiett,1994-11-04 00:00:00,Xavier,USA,Xavier/USA,6-6,198,2.0,5,Guard-Forward,Inactive,N,1610612740,Pelicans,NOP,pelicans,New Orleans,trevon_bluiett,2018.0,2018.0,Y,N,Y,2018,,,N
76189,Ray,Blume,Ray Blume,"Blume, Ray",R. Blume,ray-blume,1958-09-23 00:00:00,Oregon State,USA,Oregon State/USA,6-4,185,1.0,22,Guard,Inactive,N,1610612741,Bulls,CHI,bulls,Chicago,HISTADD_ray_blume,1981.0,1981.0,N,Y,Y,1981,2,36,N
76190,Nelson,Bobb,Nelson Bobb,"Bobb, Nelson",N. Bobb,nelson-bobb,1924-02-25 00:00:00,Temple,USA,Temple/USA,6-0,170,4.0,5,Guard,Inactive,N,1610612744,Warriors,PHW,warriors,Philadelphia,HISTADD_nelson_bobb,1949.0,1952.0,N,Y,Y,1949,3,,N
2800,Tony,Bobbitt,Tony Bobbitt,"Bobbitt, Tony",T. Bobbitt,tony-bobbitt,1979-10-22 00:00:00,Cincinnati,USA,Cincinnati/USA,6-4,190,2.0,,Guard,Inactive,N,0,,,,,tony_bobbitt,2004.0,2004.0,Y,Y,Y,Undrafted,Undrafted,Undrafted,N
76191,Arlen,Bockhorn,Arlen Bockhorn,"Bockhorn, Arlen",A. Bockhorn,arlen-bockhorn,1933-07-08 00:00:00,Dayton,USA,Dayton/USA,6-4,200,7.0,11,Guard,Inactive,N,1610612758,Royals,CIN,kings,Cincinnati,HISTADD_bucky_bockhorn,1958.0,1964.0,N,Y,Y,1958,3,17,N
1631205,Buddy,Boeheim,Buddy Boeheim,"Boeheim, Buddy",B. Boeheim,buddy-boeheim,1999-11-11 00:00:00,Syracuse,USA,Syracuse/USA,6-6,205,1.0,27,Forward,Active,N,1610612765,Pistons,DET,pistons,Detroit,buddy_boheim,2022.0,2023.0,Y,Y,Y,Undrafted,Undrafted,Undrafted,N
2586,Keith,Bogans,Keith Bogans,"Bogans, Keith",K. Bogans,keith-bogans,1980-05-12 00:00:00,Kentucky,USA,Kentucky/USA,6-5,215,11.0,4,Guard-Forward,Inactive,N,1610612753,Magic,ORL,magic,Orlando,keith_bogans,2003.0,2013.0,Y,Y,Y,2003,2,43,N
202711,Bojan,Bogdanovic,Bojan Bogdanovic,"Bogdanovic, Bojan",B. Bogdanovic,bojan-bogdanovic,1989-04-18 00:00:00,Fenerbahce,Croatia,Fenerbahce/Croatia,6-7,226,9.0,44,Forward,Active,N,1610612765,Pistons,DET,pistons,Detroit,bojan_bogdanovic,2014.0,2023.0,N,Y,Y,2011,2,31,N
177,Muggsy,Bogues,Muggsy Bogues,"Bogues, Muggsy",M. Bogues,muggsy-bogues,1965-01-09 00:00:00,Wake Forest,USA,Wake Forest/USA,,,14.0,,Guard,Inactive,N,0,,,,,muggsy_bogues,1987.0,2000.0,N,Y,Y,1987,1,12,N
101106,Andrew,Bogut,Andrew Bogut,"Bogut, Andrew",A. Bogut,andrew-bogut,1984-11-28 00:00:00,Utah,Australia,Utah/Australia,7-0,260,15.0,12,Center,Inactive,N,1610612749,Bucks,MIL,bucks,Milwaukee,andrew_bogut,2005.0,2018.0,N,Y,Y,2005,1,1,N
1564,Etdrick,Bohannon,Etdrick Bohannon,"Bohannon, Etdrick",E. Bohannon,etdrick-bohannon,1973-05-29 00:00:00,Auburn-Montgomery,USA,Auburn-Montgomery/USA,,,4.0,,Forward,Inactive,N,0,,,,,etdrick_bohannon,1997.0,2000.0,N,Y,Y,Undrafted,Undrafted,Undrafted,N
1629626,Bol,Bol,Bol Bol,"Bol, Bol",B. Bol,bol-bol,1999-11-16 00:00:00,Oregon,Sudan,Oregon/Sudan,7-2,220,4.0,10,Center-Forward,Active,N,1610612753,Magic,ORL,magic,Orlando,bol_bol,2019.0,2023.0,Y,Y,Y,2019,2,44,N
76195,Manute,Bol,Manute Bol,"Bol, Manute",M. Bol,manute-bol,1962-10-16 00:00:00,Bridgeport,USA,Bridgeport/USA,7-6,200,10.0,1,Center,Inactive,N,1610612764,Bullets,WAS,wizards,Washington,HISTADD_manute_bol,1985.0,1994.0,N,Y,Y,1985,2,31,N
1628413,Jonah,Bolden,Jonah Bolden,"Bolden, Jonah",J. Bolden,jonah-bolden,1996-01-02 00:00:00,UCLA,Australia,UCLA/Australia,6-8,225,2.0,,Forward,Inactive,N,0,,,,,jonah_bolden,2018.0,2019.0,Y,Y,Y,2017,2,36,N
1629716,Marques,Bolden,Marques Bolden,"Bolden, Marques",M. Bolden,marques-bolden,1998-04-17 00:00:00,Duke,USA,Duke/USA,6-10,249,3.0,,Center,Inactive,N,0,,,,,marques_bolden,2019.0,2020.0,Y,Y,Y,2019,,,N
76196,Bill,Bolger,Bill Bolger,"Bolger, Bill",B. Bolger,bill-bolger,1931-08-21 00:00:00,Georgetown,USA,Georgetown/USA,6-5,205,1.0,,Forward,Inactive,N,1610610024,Bullets,BAL,bullets,Baltimore,HISTADD_bill_bolger,1953.0,1953.0,N,Y,Y,1953,,,N
1630195,Leandro,Bolmaro,Leandro Bolmaro,"Bolmaro, Leandro",L. Bolmaro,leandro-bolmaro,2000-09-11 00:00:00,,Argentina,FC Barcelona/Argentina,6-6,200,2.0,,Forward,Inactive,N,0,,,,,leandro_bolmaro,2021.0,2022.0,Y,Y,Y,2020,1,23,N
76197,Doug,Bolstorff,Doug Bolstorff,"Bolstorff, Doug",D. Bolstorff,doug-bolstorff,1931-10-29 00:00:00,Minnesota,USA,Minnesota/USA,6-4,195,1.0,8,Guard,Inactive,N,1610612765,Pistons,DET,pistons,Detroit,HISTADD_doug_bolstorff,1957.0,1957.0,N,Y,Y,1957,8,57,N
76203,George H.,Bon Salle,George H. Bon Salle,"Bon Salle, George H.",G. Bon Salle,george-h-bon-salle,1935-07-01 00:00:00,Illinois,USA,Illinois/USA,6-8,220,1.0,33,Forward,Inactive,N,1610612764,Packers,CHP,wizards,Chicago,HISTADD_george_bonsalle,1961.0,1961.0,N,Y,Y,1957,1,7,N
76198,Phil,Bond,Phil Bond,"Bond, Phil",P. Bond,phil-bond,1954-07-27 00:00:00,Louisville,USA,Louisville/USA,6-2,175,1.0,30,Guard,Inactive,N,1610612745,Rockets,HOU,rockets,Houston,HISTADD_phil_bond,1977.0,1977.0,N,Y,Y,1977,3,62,N
1603,Walter,Bond,Walter Bond,"Bond, Walter",W. Bond,walter-bond,1969-02-01 00:00:00,Minnesota,USA,Minnesota/USA,6-5,200,3.0,20,Guard,Inactive,N,1610612762,Jazz,UTA,jazz,Utah,walter_bond,1992.0,1994.0,N,Y,Y,Undrafted,Undrafted,Undrafted,N
1629648,Jordan,Bone,Jordan Bone,"Bone, Jordan",J. Bone,jordan-bone,1997-11-05 00:00:00,Tennessee,USA,Tennessee/USA,6-2,180,2.0,,Guard,Inactive,N,0,,,,,jordan_bone,2019.0,2020.0,Y,Y,Y,2019,2,57,N
1121,Dexter,Boney,Dexter Boney,"Boney, Dexter",D. Boney,dexter-boney,1970-04-27 00:00:00,UNLV,USA,UNLV/USA,6-4,185,1.0,,Guard,Inactive,N,0,,,,,dexter_boney,1996.0,1996.0,N,Y,Y,Undrafted,Undrafted,Undrafted,N
1629067,Isaac,Bonga,Isaac Bonga,"Bonga, Isaac",I. Bonga,isaac-bonga,1999-11-08 00:00:00,Skyliners Frankfurt,Germany,Skyliners Frankfurt/Germany,6-8,180,5.0,17,Guard,Inactive,N,1610612761,Raptors,TOR,raptors,Toronto,isaac_bonga,2018.0,2021.0,Y,Y,Y,2018,2,39,N
76201,Ron,Bonham,Ron Bonham,"Bonham, Ron",R. Bonham,ron-bonham,1942-05-31 00:00:00,Cincinnati,USA,Cincinnati/USA,6-4,192,2.0,21,Forward,Inactive,N,1610612738,Celtics,BOS,celtics,Boston,HISTADD_ron_bonham,1964.0,1965.0,N,Y,Y,1964,2,16,N
41,Anthony,Bonner,Anthony Bonner,"Bonner, Anthony",A. Bonner,anthony-bonner,1968-06-08 00:00:00,St. Louis,USA,St. Louis/USA,6-8,230,7.0,33,Forward,Inactive,N,1610612758,Kings,SAC,kings,Sacramento,anthony_bonner,1990.0,2002.0,N,Y,Y,1990,1,23,N
2588,Matt,Bonner,Matt Bonner,"Bonner, Matt",M. Bonner,matt-bonner,1980-04-05 00:00:00,Florida,USA,Florida/USA,6-10,235,13.0,15,Center-Forward,Inactive,N,1610612759,Spurs,SAS,spurs,San Antonio,matt_bonner,2004.0,2015.0,N,Y,Y,2003,2,45,N
1626164,Devin,Booker,Devin Booker,"Booker, Devin",D. Booker,devin-booker,1996-10-30 00:00:00,Kentucky,USA,Kentucky/USA,6-5,206,8.0,1,Guard,Active,N,1610612756,Suns,PHX,suns,Phoenix,devin_booker,2015.0,2023.0,N,Y,Y,2015,1,13,N
202344,Trevor,Booker,Trevor Booker,"Booker, Trevor",T. Booker,trevor-booker,1987-11-25 00:00:00,Clemson,USA,Clemson/USA,6-8,228,8.0,20,Forward,Inactive,N,1610612764,Wizards,WAS,wizards,Washington,trevor_booker,2010.0,2017.0,N,Y,Y,2010,1,23,N
200767,Josh,Boone,Josh Boone,"Boone, Josh",J. Boone,josh-boone,1984-11-21 00:00:00,Connecticut,USA,Connecticut/USA,6-10,240,5.0,2,Forward-Center,Inactive,N,1610612751,Nets,NJN,nets,New Jersey,josh_boone,2006.0,2009.0,Y,Y,Y,2006,1,23,N
76204,Ron,Boone,Ron Boone,"Boone, Ron",R. Boone,ron-boone,1946-09-06 00:00:00,Idaho State,USA,Idaho State/USA,6-2,200,5.0,24,Guard,Inactive,N,1610612758,Kings,KCK,kings,Kansas City,HISTADD_ron_boone,1976.0,1980.0,N,Y,Y,1968,11,147,N
1916,Calvin,Booth,Calvin Booth,"Booth, Calvin",C. Booth,calvin-booth,1976-05-07 00:00:00,Penn State,USA,Penn State/USA,6-11,230,11.0,52,Center,Inactive,N,1610612760,SuperSonics,SEA,thunder,Seattle,calvin_booth,1999.0,2008.0,N,Y,Y,1999,2,35,N
1522,Keith,Booth,Keith Booth,"Booth, Keith",K. Booth,keith-booth,1974-10-09 00:00:00,Maryland,USA,Maryland/USA,6-6,226,2.0,22,Forward,Inactive,N,1610612741,Bulls,CHI,bulls,Chicago,keith_booth,1997.0,1998.0,N,Y,Y,1997,1,28,N
76206,Bob,Boozer,Bob Boozer,"Boozer, Bob",B. Boozer,bob-boozer,1937-04-26 00:00:00,Kansas State,USA,Kansas State/USA,6-8,215,11.0,20,Forward,Inactive,N,1610612758,Royals,CIN,kings,Cincinnati,HISTADD_bob_boozer,1960.0,1970.0,N,Y,Y,1959,1,1,N
2430,Carlos,Boozer,Carlos Boozer,"Boozer, Carlos",C. Boozer,carlos-boozer,1981-11-20 00:00:00,Duke,USA,Duke/USA,6-9,258,13.0,5,Forward,Inactive,N,1610612762,Jazz,UTA,jazz,Utah,carlos_boozer,2002.0,2014.0,N,Y,Y,2002,2,34,N
76207,Jake,Bornheimer,Jake Bornheimer,"Bornheimer, Jake",J. Bornheimer,jake-bornheimer,1927-06-29 00:00:00,Muhlenberg,USA,Muhlenberg/USA,6-5,200,2.0,15,Forward,Inactive,N,1610612744,Warriors,PHW,warriors,Philadelphia,HISTADD_jake_bornheimer,1948.0,1949.0,N,Y,Y,Undrafted,Undrafted,Undrafted,N
1953,Lazaro,Borrell,Lazaro Borrell,"Borrell, Lazaro",L. Borrell,lazaro-borrell,1972-09-20 00:00:00,Villa Clara,Cuba,Villa Clara/Cuba,6-8,220,1.0,11,Forward,Inactive,N,1610612760,SuperSonics,SEA,thunder,Seattle,lazaro_borrell,1999.0,1999.0,N,Y,Y,Undrafted,Undrafted,Undrafted,N
76209,Costic,Borsavage,Costic Borsavage,"Borsavage, Costic",C. Borsavage,costic-borsavage,1924-07-25 00:00:00,Temple,USA,Temple/USA,6-8,220,1.0,19,Center,Inactive,N,1610612744,Warriors,PHW,warriors,Philadelphia,HISTADD_ike_borsavage,1950.0,1950.0,N,Y,Y,1950,5,,N
76210,Vince,Boryla,Vince Boryla,"Boryla, Vince",V. Boryla,vince-boryla,1927-03-11 00:00:00,Denver,USA,Denver/USA,6-5,210,5.0,12,Forward,Inactive,N,1610612752,Knicks,NYK,knicks,New York,HISTADD_moose_boryla,1949.0,1953.0,N,Y,Y,Undrafted,Undrafted,Undrafted,N
2547,Chris,Bosh,Chris Bosh,"Bosh, Chris",C. Bosh,chris-bosh,1984-03-24 00:00:00,Georgia Tech,USA,Georgia Tech/USA,6-11,235,14.0,1,Forward,Inactive,N,1610612748,Heat,MIA,heat,Miami,chris_bosh,2003.0,2016.0,N,Y,Y,2003,1,4,N
1630527,Brandon,Boston Jr.,Brandon Boston Jr.,"Boston Jr., Brandon",B. Boston Jr.,brandon-boston-jr,2001-11-28 00:00:00,Kentucky,USA,Kentucky/USA,6-6,188,2.0,4,Guard,Active,N,1610612746,Clippers,LAC,clippers,LA,brandon_boston_jr,2021.0,2023.0,Y,Y,Y,2021,2,51,N
76212,Lawrence,Boston,Lawrence Boston,"Boston, Lawrence",L. Boston,lawrence-boston,1956-05-18 00:00:00,Maryland,USA,Maryland/USA,6-8,225,1.0,4,Forward,Inactive,N,1610612764,Bullets,WAS,wizards,Washington,HISTADD_larry_boston,1979.0,1979.0,N,Y,Y,1978,4,81,N
76213,Tom,Boswell,Tom Boswell,"Boswell, Tom",T. Boswell,tom-boswell,1953-10-02 00:00:00,South Carolina,USA,South Carolina/USA,6-8,220,6.0,33,Forward,Inactive,N,1610612738,Celtics,BOS,celtics,Boston,HISTADD_tom_boswell,1975.0,1983.0,N,Y,Y,1975,1,17,N
1628449,Chris,Boucher,Chris Boucher,"Boucher, Chris",C. Boucher,chris-boucher,1993-01-11 00:00:00,Oregon,Saint Lucia,Oregon/Saint Lucia,6-9,200,6.0,25,Forward-Center,Active,N,1610612761,Raptors,TOR,raptors,Toronto,chris_boucher,2017.0,2023.0,Y,Y,Y,Undrafted,Undrafted,Undrafted,N
2257,Ruben,Boumtje-Boumtje,Ruben Boumtje-Boumtje,"Boumtje-Boumtje, Ruben",R. Boumtje-Boumtje,ruben-boumtje-boumtje,1978-05-20 00:00:00,Georgetown,USA,Georgetown/USA,7-0,257,4.0,44,Center,Inactive,N,1610612757,Trail Blazers,POR,blazers,Portland,ruben_boumtje-boumtje,2001.0,2003.0,Y,Y,Y,2001,2,49,N
1631123,Jamaree,Bouyea,Jamaree Bouyea,"Bouyea, Jamaree",J. Bouyea,jamaree-bouyea,1999-06-27 00:00:00,San Francisco,USA,San Francisco/USA,6-2,180,1.0,11,Guard,Active,N,1610612748,Heat,MIA,heat,Miami,jamaree_bouyea,2022.0,2023.0,Y,Y,Y,Undrafted,Undrafted,Undrafted,N
76214,Don,Boven,Don Boven,"Boven, Don",D. Boven,don-boven,1925-03-06 00:00:00,Western Michigan,USA,Western Michigan/USA,6-4,210,3.0,13,Forward,Inactive,N,1610612765,Pistons,FTW,pistons,Ft. Wayne Zollner,HISTADD_don_boven,1949.0,1952.0,N,Y,Y,1949,6,,N
1477,Bruce,Bowen,Bruce Bowen,"Bowen, Bruce",B. Bowen,bruce-bowen,1971-06-14 00:00:00,California State-Fullerton,USA,California State-Fullerton/USA,6-7,200,14.0,12,Forward,Inactive,N,1610612759,Spurs,SAS,spurs,San Antonio,bruce_bowen,1996.0,2008.0,N,Y,Y,Undrafted,Undrafted,Undrafted,N
1763,Ryan,Bowen,Ryan Bowen,"Bowen, Ryan",R. Bowen,ryan-bowen,1975-11-20 00:00:00,Iowa,USA,Iowa/USA,6-9,218,10.0,,Forward,Inactive,N,0,,,,,ryan_bowen,1999.0,2009.0,N,Y,Y,1998,2,55,N
1628968,Brian,Bowen II,Brian Bowen II,"Bowen II, Brian",B. Bowen II,brian-bowen-ii,1998-10-02 00:00:00,,USA,Sydney Kings/USA,6-6,190,3.0,,Forward-Guard,Inactive,N,0,,,,,brian_bowen_ii,2019.0,2020.0,Y,Y,Y,Undrafted,Undrafted,Undrafted,N
76217,Sam,Bowie,Sam Bowie,"Bowie, Sam",S. Bowie,sam-bowie,1961-03-17 00:00:00,Kentucky,USA,Kentucky/USA,7-1,235,10.0,31,Center,Inactive,N,1610612751,Nets,NJN,nets,New Jersey,HISTADD_sam_bowie,1984.0,1994.0,N,Y,Y,1984,1,2,N
1085,Ira,Bowman,Ira Bowman,"Bowman, Ira",I. Bowman,ira-bowman,1973-06-11 00:00:00,Pennsylvania,USA,Pennsylvania/USA,,,3.0,,Forward,Inactive,N,0,,,,,ira_bowman,1999.0,2001.0,N,Y,Y,Undrafted,Undrafted,Undrafted,N
1629065,Ky,Bowman,Ky Bowman,"Bowman, Ky",K. Bowman,ky-bowman,1997-06-16 00:00:00,Boston College,USA,Boston College/USA,6-1,187,2.0,12,Guard,Inactive,N,1610612744,Warriors,GSW,warriors,Golden State,ky_bowman,2019.0,2019.0,Y,Y,Y,Undrafted,Undrafted,Undrafted,N
671,Donnie,Boyce,Donnie Boyce,"Boyce, Donnie",D. Boyce,donnie-boyce,1973-09-02 00:00:00,Colorado,USA,Colorado/USA,6-5,196,2.0,,Guard,Inactive,N,0,,,,,donnie_boyce,1995.0,1996.0,N,Y,Y,1995,2,42,N
76221,Dennis,Boyd,Dennis Boyd,"Boyd, Dennis",D. Boyd,dennis-boyd,1954-05-21 00:00:00,Detroit,USA,Detroit/USA,6-1,175,1.0,11,Guard,Inactive,N,1610612765,Pistons,DET,pistons,Detroit,HISTADD_dennis_boyd,1978.0,1978.0,N,Y,Y,1977,4,72,N
76222,Fred,Boyd,Fred Boyd,"Boyd, Fred",F. Boyd,fred-boyd,1950-06-13 00:00:00,Oregon State,USA,Oregon State/USA,6-2,180,6.0,4,Guard,Inactive,N,1610612755,76ers,PHI,sixers,Philadelphia,HISTADD_freddie_boyd,1972.0,1977.0,N,Y,Y,1972,1,5,N
76223,Ken,Boyd,Ken Boyd,"Boyd, Ken",K. Boyd,ken-boyd,1952-03-25 00:00:00,Boston University,USA,Boston University/USA,6-5,195,1.0,33,Forward,Inactive,N,1610612762,Jazz,UTA,jazz,New Orleans,HISTADD_kenny_boyd,1974.0,1974.0,N,Y,Y,1974,9,154,N
1863,Earl,Boykins,Earl Boykins,"Boykins, Earl",E. Boykins,earl-boykins,1976-06-02 00:00:00,Eastern Michigan,USA,Eastern Michigan/USA,5-5,133,14.0,6,Guard,Inactive,N,1610612743,Nuggets,DEN,nuggets,Denver,earl_boykins,1998.0,2011.0,N,Y,Y,Undrafted,Undrafted,Undrafted,N
76224,Harry,Boykoff,Harry Boykoff,"Boykoff, Harry",H. Boykoff,harry-boykoff,1922-07-24 00:00:00,St. John's (NY),USA,St. John's (NY)/USA,6-9,225,2.0,16,Center,Inactive,N,1610610037,Hawks,WAT,hawks,Waterloo,HISTADD_bighesh_boykoff,1949.0,1950.0,N,Y,Y,Undrafted,Undrafted,Undrafted,N
76225,Winford,Boynes,Winford Boynes,"Boynes, Winford",W. Boynes,winford-boynes,1957-05-17 00:00:00,San Francisco,USA,San Francisco/USA,6-6,185,3.0,6,Guard,Inactive,N,1610612751,Nets,NJN,nets,New Jersey,HISTADD_winford_boynes,1978.0,1980.0,N,Y,Y,1978,1,13,N
200841,
